Order_ID,Order_Date,Shipment_Date,Origin_Country,Destination_Country,Product_Category,Units_Sold,Unit_Price,Revenue,Shipping_Cost,Custom_Duty,Profit,Delivery_Days,Export_Mode,Customer_Type,Year,Month,Quarter
ORD00001,2022-08-17,2022-08-19,USA,Canada,Fashion,238,86.98,20701.24,812.0,1333.99,6887.82,2,Rail,B2B,2022,Aug,Q3
ORD00002,2022-03-03,2022-03-06,India,UK,Sports,626,32.74,20495.24,981.63,1209.08,6755.82,3,Sea,Retail,2022,Mar,Q1
ORD00003,2023-07-24,2023-08-07,India,Germany,Beauty,358,153.38,54910.04,2711.36,3613.61,24937.34,14,Rail,B2B,2023,Jul,Q3
ORD00004,2024-01-06,2024-01-21,China,Canada,Electronics,757,240.52,182073.64,7507.69,13717.01,83715.25,15,Road,Distributor,2024,Jan,Q1
ORD00005,2024-01-11,2024-01-22,India,USA,Electronics,687,129.39,88890.93,4981.88,2203.39,39941.39,11,Air,Retail,2024,Jan,Q1
ORD00006,2023-07-24,2023-08-02,USA,UAE,Fashion,389,190.53,74116.17,6693.86,4603.3,17973.96,9,Air,Distributor,2023,Jul,Q3
ORD00007,2022-12-17,2022-12-27,USA,UK,Fashion,483,202.14,97633.62,11623.98,5701.8,24941.29,10,Road,B2B,2022,Dec,Q4
ORD00008,2023-04-15,2023-04-30,India,UAE,Beauty,284,51.77,14702.68,1649.38,794.4,3211.25,15,Sea,Distributor,2023,Apr,Q2
ORD00009,2024-10-19,2024-10-27,USA,Japan,Fashion,281,87.02,24452.62,2373.1,1279.82,5538.72,8,Rail,Distributor,2024,Oct,Q4
ORD00010,2024-03-28,2024-04-04,India,Germany,Sports,515,63.64,32774.6,1122.22,871.11,11502.14,7,Rail,Distributor,2024,Mar,Q1
ORD00011,2022-05-11,2022-05-19,China,Japan,Sports,267,486.12,129794.04,13948.99,2685.29,33178.53,8,Road,Distributor,2022,May,Q2
ORD00012,2023-11-28,2023-12-01,China,Australia,Fashion,474,21.56,10219.44,970.73,645.67,1535.62,3,Sea,Distributor,2023,Nov,Q4
ORD00013,2022-08-06,2022-08-21,USA,Canada,Sports,633,115.48,73098.84,4652.91,2170.52,16125.96,15,Air,Distributor,2022,Aug,Q3
ORD00014,2023-10-26,2023-11-04,India,USA,Home,909,492.95,448091.55,45978.55,15399.62,175097.0,9,Air,B2B,2023,Oct,Q4
ORD00015,2024-09-22,2024-10-07,India,Singapore,Fashion,141,336.68,47471.88,5469.54,1419.77,14078.92,15,Rail,B2B,2024,Sep,Q3
ORD00016,2023-02-16,2023-03-01,China,Australia,Home,458,451.81,206928.98,14616.17,7216.51,98350.06,13,Air,Distributor,2023,Feb,Q1
ORD00017,2023-04-17,2023-04-28,India,China,Electronics,734,322.93,237030.62,11994.88,17617.35,51478.17,11,Air,Distributor,2023,Apr,Q2
ORD00018,2023-05-03,2023-05-09,USA,Japan,Fashion,562,83.51,46932.62,5359.53,2546.69,13598.25,6,Rail,Retail,2023,May,Q2
ORD00019,2023-01-25,2023-01-28,India,Australia,Home,443,217.33,96277.19,10373.42,2238.47,26280.57,3,Air,B2B,2023,Jan,Q1
ORD00020,2024-04-04,2024-04-17,China,USA,Fashion,206,111.3,22927.8,1613.55,1038.93,9188.27,13,Sea,B2B,2024,Apr,Q2
ORD00021,2024-06-26,2024-07-10,USA,China,Electronics,677,499.66,338269.82,35600.36,26432.33,46920.6,14,Sea,B2B,2024,Jun,Q2
ORD00022,2024-04-12,2024-04-21,China,UK,Beauty,934,48.14,44962.76,2882.45,3557.39,16960.54,9,Rail,Retail,2024,Apr,Q2
ORD00023,2024-05-16,2024-05-29,USA,Singapore,Beauty,168,111.15,18673.2,926.06,438.99,5717.3,13,Air,Distributor,2024,May,Q2
ORD00024,2023-10-05,2023-10-07,India,Japan,Sports,951,429.31,408273.81,18033.02,31701.13,185417.91,2,Sea,B2B,2023,Oct,Q4
ORD00025,2022-05-20,2022-06-01,India,Australia,Electronics,974,447.34,435709.16,22726.32,24256.43,133481.69,12,Rail,Distributor,2022,May,Q2
ORD00026,2024-12-06,2024-12-13,China,UK,Home,254,147.49,37462.46,1565.15,2200.17,13573.53,7,Air,B2B,2024,Dec,Q4
ORD00027,2024-07-27,2024-08-07,USA,China,Electronics,560,122.31,68493.6,3689.62,5205.21,14101.26,11,Sea,Retail,2024,Jul,Q3
ORD00028,2023-08-07,2023-08-11,China,Singapore,Home,636,492.25,313071.0,32133.29,16197.18,76785.55,4,Road,Distributor,2023,Aug,Q3
ORD00029,2022-08-01,2022-08-05,China,USA,Electronics,770,285.55,219873.5,11985.6,12376.63,60226.7,4,Sea,Distributor,2022,Aug,Q3
ORD00030,2023-06-25,2023-07-05,China,Canada,Electronics,104,324.46,33743.84,3531.0,764.14,12574.52,10,Sea,Distributor,2023,Jun,Q2
ORD00031,2023-06-21,2023-06-25,USA,Japan,Sports,732,225.29,164912.28,5090.89,4042.76,46123.19,4,Sea,Distributor,2023,Jun,Q2
ORD00032,2022-03-15,2022-03-30,China,Singapore,Fashion,450,81.17,36526.5,2109.16,2700.73,8382.14,15,Air,Retail,2022,Mar,Q1
ORD00033,2023-03-07,2023-03-19,India,USA,Home,808,288.74,233301.92,25365.55,18297.92,43861.31,12,Sea,B2B,2023,Mar,Q1
ORD00034,2022-12-29,2023-01-06,India,Germany,Home,811,466.79,378566.69,38689.96,27197.69,69175.56,8,Road,B2B,2022,Dec,Q4
ORD00035,2022-08-10,2022-08-18,India,Japan,Fashion,214,411.96,88159.44,6296.99,3377.52,22185.99,8,Sea,B2B,2022,Aug,Q3
ORD00036,2022-02-18,2022-03-02,India,Australia,Home,295,434.89,128292.55,15012.8,4714.43,32559.1,12,Rail,Distributor,2022,Feb,Q1
ORD00037,2023-11-10,2023-11-12,India,Canada,Fashion,604,482.02,291140.08,15690.11,7716.42,113321.84,2,Road,Retail,2023,Nov,Q4
ORD00038,2024-11-13,2024-11-16,China,UK,Home,55,360.22,19812.1,597.38,1496.5,6593.02,3,Sea,Retail,2024,Nov,Q4
ORD00039,2024-06-02,2024-06-05,USA,UAE,Sports,331,338.43,112020.33,4617.06,8289.82,37262.91,3,Rail,Retail,2024,Jun,Q2
ORD00040,2024-04-04,2024-04-17,China,Singapore,Fashion,206,221.81,45692.86,5237.9,2770.77,7031.52,13,Road,Retail,2024,Apr,Q2
ORD00041,2022-01-01,2022-01-07,China,UK,Beauty,814,298.39,242889.46,21598.58,11634.23,80282.08,6,Sea,Distributor,2022,Jan,Q1
ORD00042,2024-08-27,2024-09-10,USA,Germany,Electronics,300,267.42,80226.0,6976.83,3217.97,18243.15,14,Sea,Distributor,2024,Aug,Q3
ORD00043,2023-09-28,2023-10-03,India,Germany,Electronics,57,137.52,7838.64,570.36,556.42,3405.14,5,Rail,Distributor,2023,Sep,Q3
ORD00044,2023-02-03,2023-02-16,USA,Australia,Beauty,419,137.11,57449.09,5115.57,1168.09,15243.13,13,Air,Retail,2023,Feb,Q1
ORD00045,2023-03-25,2023-03-29,USA,Singapore,Beauty,61,287.55,17540.55,1974.58,478.53,7369.57,4,Rail,Distributor,2023,Mar,Q1
ORD00046,2024-12-23,2025-01-02,USA,UAE,Beauty,637,411.2,261934.4,28886.6,11945.37,45067.74,10,Rail,B2B,2024,Dec,Q4
ORD00047,2024-08-30,2024-09-08,China,UK,Home,794,393.28,312264.32,22986.94,10727.76,112436.94,9,Road,B2B,2024,Aug,Q3
ORD00048,2023-07-11,2023-07-18,China,Singapore,Electronics,151,92.4,13952.4,899.56,406.97,6169.36,7,Rail,Retail,2023,Jul,Q3
ORD00049,2023-11-09,2023-11-19,China,Australia,Electronics,221,419.79,92773.59,6035.19,6140.47,17157.62,10,Air,Distributor,2023,Nov,Q4
ORD00050,2024-02-19,2024-02-28,India,UAE,Home,781,207.19,161815.39,17839.78,11350.33,41771.41,9,Sea,Retail,2024,Feb,Q1
ORD00051,2023-03-26,2023-04-01,China,Japan,Electronics,408,181.34,73986.72,6741.87,3274.58,30712.25,6,Rail,B2B,2023,Mar,Q1
ORD00052,2024-12-29,2024-12-31,China,India,Electronics,668,225.73,150787.64,16287.57,4659.9,57756.61,2,Road,B2B,2024,Dec,Q4
ORD00053,2024-07-20,2024-07-27,China,Australia,Home,780,476.58,371732.4,25255.81,26056.45,119278.69,7,Air,Retail,2024,Jul,Q3
ORD00054,2023-04-05,2023-04-17,India,China,Electronics,982,138.7,136203.4,14373.63,7801.75,49799.47,12,Rail,Distributor,2023,Apr,Q2
ORD00055,2022-08-23,2022-09-03,India,Japan,Home,795,197.07,156670.65,13243.42,12192.75,34802.57,11,Sea,Retail,2022,Aug,Q3
ORD00056,2022-08-10,2022-08-21,India,Canada,Sports,703,455.85,320462.55,20438.34,24511.62,128260.39,11,Sea,B2B,2022,Aug,Q3
ORD00057,2023-09-10,2023-09-25,USA,China,Sports,811,39.71,32204.81,2510.27,1922.35,14224.04,15,Road,B2B,2023,Sep,Q3
ORD00058,2024-05-10,2024-05-25,China,USA,Beauty,993,193.85,192493.05,21220.77,9159.66,76280.48,15,Sea,Distributor,2024,May,Q2
ORD00059,2024-12-04,2024-12-16,China,Singapore,Beauty,486,229.08,111332.88,10664.84,4019.53,23668.25,12,Air,Retail,2024,Dec,Q4
ORD00060,2024-07-12,2024-07-17,China,Australia,Home,39,257.27,10033.53,594.5,494.18,3863.39,5,Road,Retail,2024,Jul,Q3
ORD00061,2023-07-27,2023-08-07,USA,Canada,Sports,20,267.98,5359.6,252.95,184.81,2124.51,11,Sea,Distributor,2023,Jul,Q3
ORD00062,2024-09-02,2024-09-14,USA,Japan,Beauty,821,28.28,23217.88,1311.37,1027.72,9896.93,12,Road,Retail,2024,Sep,Q3
ORD00063,2024-12-23,2024-12-30,China,Singapore,Home,370,357.37,132226.9,7190.83,4639.08,62720.04,7,Sea,Retail,2024,Dec,Q4
ORD00064,2022-09-02,2022-09-15,USA,Germany,Fashion,231,374.53,86516.43,4748.45,4790.87,22639.4,13,Road,B2B,2022,Sep,Q3
ORD00065,2023-02-02,2023-02-08,India,UAE,Fashion,319,26.79,8546.01,667.21,311.58,1650.92,6,Road,Distributor,2023,Feb,Q1
ORD00066,2022-09-16,2022-09-28,China,USA,Electronics,597,156.48,93418.56,6827.43,3778.07,18387.02,12,Road,Retail,2022,Sep,Q3
ORD00067,2022-08-22,2022-09-06,India,Australia,Beauty,85,296.97,25242.45,2316.77,734.65,5951.49,15,Road,B2B,2022,Aug,Q3
ORD00068,2023-05-24,2023-05-27,USA,Australia,Sports,620,399.56,247727.2,12463.61,12721.87,89969.43,3,Rail,Retail,2023,May,Q2
ORD00069,2024-05-28,2024-06-03,USA,India,Sports,993,375.24,372613.32,42956.03,12097.74,144924.98,6,Air,B2B,2024,May,Q2
ORD00070,2023-05-07,2023-05-11,USA,China,Fashion,12,216.09,2593.08,238.68,124.97,1166.81,4,Road,Distributor,2023,May,Q2
ORD00071,2023-08-03,2023-08-16,China,USA,Fashion,956,146.99,140522.44,14222.6,7783.17,28417.66,13,Sea,Retail,2023,Aug,Q3
ORD00072,2022-08-24,2022-09-03,India,Germany,Home,856,88.27,75559.12,2672.33,5104.6,24070.24,10,Road,Retail,2022,Aug,Q3
ORD00073,2022-09-12,2022-09-21,USA,Canada,Beauty,975,150.68,146913.0,11547.12,6797.01,43445.86,9,Rail,Distributor,2022,Sep,Q3
ORD00074,2023-10-23,2023-11-03,China,India,Electronics,244,481.72,117539.68,12369.44,6407.32,18220.51,11,Road,Distributor,2023,Oct,Q4
ORD00075,2022-03-24,2022-04-07,India,Japan,Sports,677,232.27,157246.79,8653.93,12550.92,52580.77,14,Rail,B2B,2022,Mar,Q1
ORD00076,2024-08-20,2024-08-27,China,UAE,Home,696,70.21,48866.16,2173.29,2184.25,17698.66,7,Rail,Distributor,2024,Aug,Q3
ORD00077,2022-03-17,2022-03-26,India,UAE,Home,341,75.64,25793.24,2567.18,1854.4,4671.1,9,Air,Distributor,2022,Mar,Q1
ORD00078,2024-08-04,2024-08-12,India,UK,Sports,380,318.86,121166.8,9071.08,5636.98,56115.93,8,Road,Distributor,2024,Aug,Q3
ORD00079,2022-09-26,2022-10-02,China,Japan,Electronics,39,487.11,18997.29,1610.94,652.71,8232.1,6,Air,Distributor,2022,Sep,Q3
ORD00080,2024-04-15,2024-04-18,India,USA,Beauty,979,76.38,74776.02,7843.47,3731.51,17215.21,3,Road,Retail,2024,Apr,Q2
ORD00081,2024-09-15,2024-09-24,India,Japan,Sports,158,204.12,32250.96,3643.33,1628.49,5571.02,9,Air,Retail,2024,Sep,Q3
ORD00082,2024-04-29,2024-05-06,USA,Canada,Electronics,299,368.5,110181.5,11610.14,6037.44,26647.34,7,Sea,Retail,2024,Apr,Q2
ORD00083,2024-09-18,2024-09-25,China,Singapore,Sports,396,238.57,94473.72,5570.17,2958.84,28386.64,7,Rail,B2B,2024,Sep,Q3
ORD00084,2024-04-21,2024-04-23,China,Japan,Beauty,405,494.44,200248.2,20288.23,11838.9,78884.15,2,Air,B2B,2024,Apr,Q2
ORD00085,2024-10-25,2024-11-05,China,USA,Beauty,112,272.46,30515.52,2170.37,1933.06,10452.67,11,Sea,B2B,2024,Oct,Q4
ORD00086,2024-08-19,2024-09-02,China,UAE,Sports,719,210.79,151558.01,5642.26,6018.97,48612.29,14,Rail,Retail,2024,Aug,Q3
ORD00087,2024-09-26,2024-10-11,USA,India,Sports,80,132.69,10615.2,972.31,395.34,4277.03,15,Air,Retail,2024,Sep,Q3
ORD00088,2022-07-21,2022-08-04,USA,China,Beauty,180,353.12,63561.6,7074.93,1446.63,14434.15,14,Road,Retail,2022,Jul,Q3
ORD00089,2024-02-07,2024-02-15,India,UK,Sports,431,291.65,125701.15,12736.89,3796.05,55909.83,8,Rail,Distributor,2024,Feb,Q1
ORD00090,2023-05-09,2023-05-18,USA,Germany,Fashion,482,326.19,157223.58,11219.69,9435.06,31280.51,9,Rail,Retail,2023,May,Q2
ORD00091,2022-11-20,2022-11-23,China,UAE,Sports,316,326.69,103234.04,7039.3,3613.8,25108.08,3,Sea,Retail,2022,Nov,Q4
ORD00092,2024-09-16,2024-09-19,India,Australia,Sports,377,295.91,111558.07,13313.59,4207.28,16684.69,3,Rail,Retail,2024,Sep,Q3
ORD00093,2022-01-17,2022-01-28,USA,India,Sports,773,258.43,199766.39,22248.78,7425.65,42309.78,11,Road,B2B,2022,Jan,Q1
ORD00094,2023-01-25,2023-02-05,China,Germany,Electronics,935,321.18,300303.3,10074.58,20215.41,146886.15,11,Road,Distributor,2023,Jan,Q1
ORD00095,2022-09-27,2022-09-30,China,UAE,Beauty,189,116.38,21995.82,2216.87,1596.62,6969.8,3,Road,B2B,2022,Sep,Q3
ORD00096,2023-06-11,2023-06-26,China,Canada,Home,833,75.28,62708.24,7315.57,1783.76,10343.36,15,Rail,Distributor,2023,Jun,Q2
ORD00097,2024-01-20,2024-01-23,China,India,Home,559,79.32,44339.88,2801.07,2879.46,17436.14,3,Rail,Distributor,2024,Jan,Q1
ORD00098,2024-01-31,2024-02-03,USA,UK,Beauty,35,317.38,11108.3,1276.18,440.78,2914.93,3,Air,Distributor,2024,Jan,Q1
ORD00099,2024-08-08,2024-08-21,China,Australia,Electronics,153,41.77,6390.81,213.13,509.7,2889.02,13,Sea,Distributor,2024,Aug,Q3
ORD00100,2022-10-05,2022-10-13,China,UAE,Sports,439,301.92,132542.88,12643.79,9692.18,31148.19,8,Rail,Distributor,2022,Oct,Q4
ORD00101,2024-04-15,2024-04-21,India,UAE,Fashion,464,233.45,108320.8,5551.46,4523.6,23040.96,6,Road,Distributor,2024,Apr,Q2
ORD00102,2024-01-05,2024-01-07,China,Canada,Fashion,135,475.53,64196.55,6687.82,1637.04,26108.13,2,Air,B2B,2024,Jan,Q1
ORD00103,2023-11-15,2023-11-20,India,UK,Electronics,859,387.28,332673.52,16182.63,10963.95,85660.14,5,Road,B2B,2023,Nov,Q4
ORD00104,2022-01-06,2022-01-12,India,Germany,Sports,266,403.29,107275.14,4279.57,7722.4,48121.35,6,Road,B2B,2022,Jan,Q1
ORD00105,2023-10-26,2023-10-28,India,Canada,Electronics,139,376.02,52266.78,4042.72,3383.75,16466.05,2,Road,Distributor,2023,Oct,Q4
ORD00106,2022-08-12,2022-08-21,USA,UK,Sports,54,369.08,19930.32,2227.96,1186.54,6740.22,9,Air,B2B,2022,Aug,Q3
ORD00107,2024-09-07,2024-09-22,China,Australia,Electronics,512,361.95,185318.4,12957.58,13705.41,66620.08,15,Sea,B2B,2024,Sep,Q3
ORD00108,2022-09-16,2022-09-22,USA,Singapore,Home,400,497.42,198968.0,15469.78,9395.85,58377.0,6,Air,Distributor,2022,Sep,Q3
ORD00109,2022-08-23,2022-09-07,USA,Singapore,Fashion,450,236.75,106537.5,5387.01,4297.29,39743.81,15,Rail,Distributor,2022,Aug,Q3
ORD00110,2022-07-14,2022-07-21,China,UAE,Home,393,477.72,187743.96,17237.5,9097.34,81173.47,7,Air,B2B,2022,Jul,Q3
ORD00111,2024-06-03,2024-06-06,USA,UAE,Fashion,579,48.79,28249.41,3279.65,1517.02,6474.73,3,Rail,Retail,2024,Jun,Q2
ORD00112,2024-05-16,2024-05-31,USA,India,Home,624,169.98,106067.52,4171.0,5350.55,49195.41,15,Rail,B2B,2024,May,Q2
ORD00113,2022-08-10,2022-08-17,USA,UAE,Electronics,790,153.71,121430.9,6114.57,5555.07,40753.33,7,Air,Distributor,2022,Aug,Q3
ORD00114,2023-07-02,2023-07-04,India,Canada,Home,953,183.12,174513.36,5331.3,12598.43,57129.11,2,Rail,B2B,2023,Jul,Q3
ORD00115,2022-10-18,2022-10-31,USA,India,Electronics,774,274.63,212563.62,13573.78,10036.99,93889.56,13,Road,Distributor,2022,Oct,Q4
ORD00116,2023-10-27,2023-11-10,USA,China,Electronics,169,95.56,16149.64,1382.5,976.05,6012.93,14,Rail,Retail,2023,Oct,Q4
ORD00117,2024-06-24,2024-07-02,China,UK,Sports,126,185.68,23395.68,935.36,1419.96,7519.05,8,Road,B2B,2024,Jun,Q2
ORD00118,2023-03-28,2023-04-05,USA,India,Electronics,219,164.68,36064.92,1767.58,1018.26,16088.52,8,Road,B2B,2023,Mar,Q1
ORD00119,2022-01-16,2022-01-25,USA,Australia,Fashion,142,202.5,28755.0,2683.72,1438.2,5942.15,9,Road,B2B,2022,Jan,Q1
ORD00120,2024-03-24,2024-04-08,USA,India,Beauty,29,240.68,6979.72,258.3,270.7,2759.95,15,Rail,Distributor,2024,Mar,Q1
ORD00121,2024-05-05,2024-05-11,India,Australia,Electronics,999,175.89,175714.11,17943.75,10031.08,33594.03,6,Road,B2B,2024,May,Q2
ORD00122,2024-06-13,2024-06-28,India,UK,Beauty,613,212.22,130090.86,4823.54,9396.65,34727.61,15,Sea,Retail,2024,Jun,Q2
ORD00123,2022-12-11,2022-12-14,USA,China,Sports,532,113.07,60153.24,6006.94,2470.25,10322.68,3,Sea,B2B,2022,Dec,Q4
ORD00124,2022-07-30,2022-08-03,China,UK,Fashion,626,93.38,58455.88,5747.6,1433.41,11209.93,4,Rail,Retail,2022,Jul,Q3
ORD00125,2024-07-08,2024-07-20,USA,UAE,Home,164,231.09,37898.76,2736.4,2193.7,8755.18,12,Air,Retail,2024,Jul,Q3
ORD00126,2024-11-05,2024-11-08,China,Japan,Beauty,48,47.31,2270.88,238.11,55.87,479.77,3,Air,Distributor,2024,Nov,Q4
ORD00127,2024-11-04,2024-11-12,China,Singapore,Electronics,470,456.34,214479.8,17469.19,6712.01,65578.22,8,Sea,B2B,2024,Nov,Q4
ORD00128,2024-07-11,2024-07-14,China,USA,Sports,671,102.83,68998.93,3608.43,3192.27,25502.77,3,Sea,Retail,2024,Jul,Q3
ORD00129,2024-02-03,2024-02-09,China,Australia,Home,705,306.99,216427.95,21865.81,12734.26,90977.15,6,Air,Distributor,2024,Feb,Q1
ORD00130,2024-03-02,2024-03-08,China,Germany,Home,93,299.71,27873.03,1190.97,1142.49,6298.57,6,Rail,B2B,2024,Mar,Q1
ORD00131,2022-06-23,2022-06-29,USA,Australia,Home,842,81.34,68488.28,6386.86,5261.72,8956.17,6,Air,Distributor,2022,Jun,Q2
ORD00132,2024-05-17,2024-05-27,China,India,Home,326,106.53,34728.78,1711.34,2669.26,11390.39,10,Sea,B2B,2024,May,Q2
ORD00133,2022-11-14,2022-11-17,China,USA,Sports,799,279.09,222992.91,21513.9,11504.63,56495.56,3,Sea,Distributor,2022,Nov,Q4
ORD00134,2024-02-11,2024-02-15,India,Germany,Sports,838,453.27,379840.26,36049.3,8592.57,141749.61,4,Sea,Retail,2024,Feb,Q1
ORD00135,2023-08-07,2023-08-21,USA,Japan,Fashion,556,134.8,74948.8,8761.79,5026.23,10855.72,14,Sea,Retail,2023,Aug,Q3
ORD00136,2024-06-21,2024-06-30,China,Australia,Sports,550,220.96,121528.0,5418.35,3886.69,41566.7,9,Road,B2B,2024,Jun,Q2
ORD00137,2024-09-11,2024-09-26,China,Singapore,Electronics,738,426.03,314410.14,33517.68,11665.8,71483.1,15,Road,Retail,2024,Sep,Q3
ORD00138,2024-11-17,2024-11-21,China,USA,Fashion,846,236.54,200112.84,12299.47,4322.48,100248.54,4,Road,B2B,2024,Nov,Q4
ORD00139,2024-03-01,2024-03-04,China,UK,Electronics,336,466.8,156844.8,16551.18,9253.47,31065.05,3,Sea,B2B,2024,Mar,Q1
ORD00140,2023-08-11,2023-08-26,China,Germany,Beauty,469,315.37,147908.53,16495.82,3126.82,59553.33,15,Sea,Distributor,2023,Aug,Q3
ORD00141,2024-12-16,2024-12-24,India,Canada,Fashion,318,78.49,24959.82,1284.42,1456.08,7571.82,8,Air,B2B,2024,Dec,Q4
ORD00142,2024-10-20,2024-10-31,USA,India,Sports,598,136.13,81405.74,3494.09,3724.67,26609.98,11,Sea,Distributor,2024,Oct,Q4
ORD00143,2024-05-03,2024-05-07,USA,China,Sports,379,52.49,19893.71,1538.69,1003.43,3495.63,4,Air,Retail,2024,May,Q2
ORD00144,2024-08-20,2024-08-22,USA,Australia,Home,269,378.71,101872.99,6330.23,2450.41,44973.89,2,Air,Distributor,2024,Aug,Q3
ORD00145,2023-11-12,2023-11-16,India,UAE,Sports,356,410.48,146130.88,6686.66,9754.03,50869.11,4,Rail,Distributor,2023,Nov,Q4
ORD00146,2023-01-09,2023-01-23,India,USA,Beauty,47,160.85,7559.95,256.6,241.68,3942.65,14,Road,Distributor,2023,Jan,Q1
ORD00147,2024-03-26,2024-04-10,USA,Japan,Home,47,381.58,17934.26,846.48,742.81,4970.12,15,Road,Retail,2024,Mar,Q1
ORD00148,2022-09-12,2022-09-26,China,Australia,Beauty,771,231.07,178154.97,20680.78,7187.16,69040.32,14,Rail,Retail,2022,Sep,Q3
ORD00149,2024-11-29,2024-12-05,India,Australia,Electronics,450,309.18,139131.0,14471.11,7336.16,48264.19,6,Air,Retail,2024,Nov,Q4
ORD00150,2023-08-29,2023-09-04,China,Australia,Fashion,716,233.08,166885.28,11722.3,10615.38,32153.34,6,Rail,Retail,2023,Aug,Q3
ORD00151,2022-04-28,2022-05-01,USA,Australia,Home,535,404.53,216423.55,19726.35,16700.83,84156.7,3,Rail,B2B,2022,Apr,Q2
ORD00152,2022-09-16,2022-09-19,India,UAE,Home,402,475.74,191247.48,6294.85,5585.63,77054.04,3,Road,Retail,2022,Sep,Q3
ORD00153,2024-06-28,2024-07-12,India,Germany,Sports,385,211.06,81258.1,7188.13,2842.14,35959.0,14,Sea,Retail,2024,Jun,Q2
ORD00154,2024-11-26,2024-12-04,USA,China,Home,803,144.94,116386.82,8166.23,9285.56,42409.09,8,Rail,B2B,2024,Nov,Q4
ORD00155,2022-09-09,2022-09-13,India,Japan,Fashion,930,362.42,337050.6,40363.03,23132.05,40900.15,4,Road,Distributor,2022,Sep,Q3
ORD00156,2023-12-13,2023-12-26,India,Singapore,Sports,307,447.84,137486.88,14659.21,8621.6,20962.83,13,Sea,Retail,2023,Dec,Q4
ORD00157,2024-11-07,2024-11-12,India,UK,Fashion,252,399.38,100643.76,3257.39,5358.4,40631.88,5,Sea,Distributor,2024,Nov,Q4
ORD00158,2022-06-26,2022-06-29,China,Australia,Beauty,548,217.18,119014.64,7956.01,6485.59,52492.47,3,Road,Distributor,2022,Jun,Q2
ORD00159,2022-06-01,2022-06-10,China,Singapore,Home,141,441.42,62240.22,6237.94,3634.06,24074.5,9,Sea,Retail,2022,Jun,Q2
ORD00160,2024-10-26,2024-11-10,India,USA,Sports,166,165.98,27552.68,1228.22,2096.33,11343.36,15,Road,B2B,2024,Oct,Q4
ORD00161,2023-05-29,2023-06-03,USA,Singapore,Home,138,320.01,44161.38,3766.9,1130.78,13107.08,5,Sea,B2B,2023,May,Q2
ORD00162,2023-11-23,2023-12-08,USA,India,Electronics,93,41.82,3889.26,341.21,212.38,1020.24,15,Rail,Distributor,2023,Nov,Q4
ORD00163,2022-03-04,2022-03-13,USA,Singapore,Home,667,479.19,319619.73,23480.87,21824.05,80785.94,9,Road,Retail,2022,Mar,Q1
ORD00164,2022-05-30,2022-06-12,India,Germany,Beauty,435,252.44,109811.4,5310.71,6193.32,44085.27,13,Road,Distributor,2022,May,Q2
ORD00165,2023-12-09,2023-12-17,India,UAE,Sports,585,70.97,41517.45,2148.79,1135.56,16026.3,8,Sea,B2B,2023,Dec,Q4
ORD00166,2022-04-14,2022-04-20,China,Australia,Fashion,995,435.35,433173.25,19221.18,17173.65,148437.55,6,Road,B2B,2022,Apr,Q2
ORD00167,2022-11-23,2022-12-02,USA,Japan,Beauty,910,168.1,152971.0,4908.21,11735.01,51943.88,9,Sea,B2B,2022,Nov,Q4
ORD00168,2023-12-24,2023-12-26,India,Canada,Beauty,621,443.52,275425.92,24480.79,13285.23,83143.97,2,Air,Retail,2023,Dec,Q4
ORD00169,2022-10-02,2022-10-08,USA,UAE,Beauty,384,41.72,16020.48,554.38,860.44,6455.13,6,Road,B2B,2022,Oct,Q4
ORD00170,2024-03-02,2024-03-12,China,Singapore,Home,855,494.76,423019.8,38594.58,11475.96,79997.54,10,Rail,Retail,2024,Mar,Q1
ORD00171,2023-11-26,2023-12-06,China,Germany,Fashion,626,264.38,165501.88,12413.8,3759.91,76323.48,10,Road,Retail,2023,Nov,Q4
ORD00172,2024-11-29,2024-12-08,India,Singapore,Fashion,345,467.06,161135.7,9453.46,7021.85,50404.04,9,Road,Distributor,2024,Nov,Q4
ORD00173,2023-11-20,2023-11-30,USA,Singapore,Beauty,735,290.2,213297.0,15515.3,4478.86,86788.32,10,Air,Retail,2023,Nov,Q4
ORD00174,2023-09-23,2023-10-07,USA,India,Sports,495,147.45,72987.75,6496.14,5716.65,18913.4,14,Sea,Distributor,2023,Sep,Q3
ORD00175,2022-04-16,2022-04-27,China,Germany,Sports,654,366.17,239475.18,23879.16,10252.27,50523.43,11,Sea,B2B,2022,Apr,Q2
ORD00176,2022-08-14,2022-08-19,India,Japan,Home,438,92.69,40598.22,3740.92,1811.6,9367.66,5,Rail,Distributor,2022,Aug,Q3
ORD00177,2022-05-08,2022-05-21,India,Singapore,Fashion,584,176.02,102795.68,9210.54,5296.92,37494.22,13,Sea,Retail,2022,May,Q2
ORD00178,2024-12-27,2025-01-03,USA,UAE,Home,634,252.41,160027.94,18588.9,5879.49,57217.91,7,Road,Retail,2024,Dec,Q4
ORD00179,2023-03-01,2023-03-14,USA,Japan,Home,501,187.43,93902.43,10707.98,6359.48,31570.5,13,Air,Distributor,2023,Mar,Q1
ORD00180,2024-02-17,2024-02-25,China,Germany,Home,53,158.06,8377.18,789.74,341.64,2783.17,8,Road,Distributor,2024,Feb,Q1
ORD00181,2024-09-08,2024-09-13,India,Singapore,Home,965,289.77,279628.05,15224.61,7425.13,82974.92,5,Sea,B2B,2024,Sep,Q3
ORD00182,2022-04-14,2022-04-26,USA,UK,Fashion,63,68.1,4290.3,256.24,207.41,1233.77,12,Sea,B2B,2022,Apr,Q2
ORD00183,2022-11-20,2022-11-28,USA,Japan,Beauty,676,115.74,78240.24,9134.73,3072.5,19576.35,8,Air,Distributor,2022,Nov,Q4
ORD00184,2023-04-21,2023-05-01,USA,India,Fashion,437,443.48,193800.76,8880.14,14569.57,34854.95,10,Rail,Retail,2023,Apr,Q2
ORD00185,2023-01-17,2023-01-30,China,India,Electronics,315,292.62,92175.3,3655.4,7279.97,36500.94,13,Rail,B2B,2023,Jan,Q1
ORD00186,2024-10-29,2024-11-07,China,UK,Electronics,348,98.0,34104.0,2431.69,1208.51,14917.16,9,Road,Retail,2024,Oct,Q4
ORD00187,2023-01-31,2023-02-04,USA,Australia,Beauty,537,177.4,95263.8,6294.55,2450.48,20357.53,4,Rail,Retail,2023,Jan,Q1
ORD00188,2023-05-24,2023-05-26,China,Australia,Fashion,467,381.8,178300.6,20658.47,6796.24,40858.53,2,Air,Retail,2023,May,Q2
ORD00189,2024-01-07,2024-01-20,India,China,Electronics,486,167.27,81293.22,5404.98,4076.95,17463.89,13,Road,Distributor,2024,Jan,Q1
ORD00190,2022-08-29,2022-09-10,China,UAE,Sports,236,125.18,29542.48,1241.41,862.38,8994.72,12,Road,Retail,2022,Aug,Q3
ORD00191,2024-08-22,2024-09-05,USA,UK,Fashion,706,382.27,269882.62,29304.44,6723.37,89730.91,14,Road,B2B,2024,Aug,Q3
ORD00192,2022-08-18,2022-08-20,USA,Singapore,Fashion,596,277.6,165449.6,7413.52,11791.45,58134.09,2,Sea,Distributor,2022,Aug,Q3
ORD00193,2024-09-28,2024-10-01,USA,Japan,Electronics,474,83.33,39498.42,2661.73,2126.38,12289.46,3,Road,Distributor,2024,Sep,Q3
ORD00194,2022-02-14,2022-02-22,China,India,Fashion,602,55.05,33140.1,2257.93,2055.45,10190.42,8,Air,B2B,2022,Feb,Q1
ORD00195,2024-08-24,2024-08-26,China,Australia,Fashion,797,85.01,67752.97,5944.46,4319.75,10797.83,2,Road,Retail,2024,Aug,Q3
ORD00196,2024-07-07,2024-07-22,China,Australia,Electronics,709,482.79,342298.11,37211.17,9577.29,70248.06,15,Air,B2B,2024,Jul,Q3
ORD00197,2024-03-15,2024-03-25,India,UK,Electronics,784,30.91,24233.44,1377.74,1463.94,7740.25,10,Rail,B2B,2024,Mar,Q1
ORD00198,2023-05-22,2023-05-31,China,Germany,Home,203,469.96,95401.88,9087.23,2553.97,22432.21,9,Rail,Distributor,2023,May,Q2
ORD00199,2022-02-02,2022-02-07,India,USA,Electronics,618,36.12,22322.16,1870.61,1388.38,9808.34,5,Air,Retail,2022,Feb,Q1
ORD00200,2024-06-17,2024-06-22,USA,UK,Electronics,153,261.87,40066.11,2245.05,2762.45,10239.45,5,Road,Distributor,2024,Jun,Q2
ORD00201,2023-10-19,2023-10-24,China,Germany,Sports,236,218.51,51568.36,2824.08,2753.91,16209.64,5,Sea,Distributor,2023,Oct,Q4
ORD00202,2024-05-24,2024-06-03,China,India,Home,974,328.79,320241.46,20592.78,16482.12,88173.93,10,Rail,B2B,2024,May,Q2
ORD00203,2023-09-07,2023-09-15,India,Singapore,Beauty,256,427.68,109486.08,6247.96,6837.91,26139.4,8,Air,Distributor,2023,Sep,Q3
ORD00204,2024-04-25,2024-05-03,USA,Singapore,Fashion,407,136.57,55583.99,2684.72,3268.47,12018.9,8,Road,B2B,2024,Apr,Q2
ORD00205,2023-01-26,2023-01-28,China,Australia,Sports,627,38.98,24440.46,893.31,1668.77,7793.95,2,Sea,Retail,2023,Jan,Q1
ORD00206,2023-03-04,2023-03-19,China,Canada,Electronics,226,469.84,106183.84,12379.65,2871.1,16618.04,15,Rail,B2B,2023,Mar,Q1
ORD00207,2023-02-23,2023-03-03,India,Singapore,Home,804,155.87,125319.48,9018.31,7384.23,47193.75,8,Road,Distributor,2023,Feb,Q1
ORD00208,2024-10-15,2024-10-24,India,Japan,Home,946,117.5,111155.0,6465.11,2527.99,28885.69,9,Sea,B2B,2024,Oct,Q4
ORD00209,2023-06-19,2023-06-29,USA,Australia,Home,166,114.17,18952.22,960.91,1026.97,7986.31,10,Road,Retail,2023,Jun,Q2
ORD00210,2024-09-27,2024-10-10,USA,Japan,Beauty,182,371.73,67654.86,4174.02,1921.23,23404.71,13,Sea,Distributor,2024,Sep,Q3
ORD00211,2022-05-01,2022-05-11,India,USA,Electronics,792,23.06,18263.52,773.9,1056.4,8755.41,10,Sea,B2B,2022,May,Q2
ORD00212,2023-03-24,2023-04-03,China,UAE,Electronics,642,326.11,209362.62,23878.09,15653.01,44677.62,10,Air,B2B,2023,Mar,Q1
ORD00213,2024-12-25,2025-01-04,China,India,Electronics,552,366.65,202390.8,15830.29,7529.2,67581.82,10,Rail,B2B,2024,Dec,Q4
ORD00214,2022-08-08,2022-08-11,USA,Germany,Fashion,206,317.49,65402.94,3447.89,2698.95,17497.57,3,Air,Retail,2022,Aug,Q3
ORD00215,2024-04-11,2024-04-20,USA,UK,Fashion,317,348.34,110423.78,11738.94,6539.75,19545.24,9,Air,B2B,2024,Apr,Q2
ORD00216,2024-04-10,2024-04-18,China,Singapore,Beauty,67,325.64,21817.88,2034.65,544.6,4978.49,8,Road,Distributor,2024,Apr,Q2
ORD00217,2022-07-15,2022-07-25,India,UK,Fashion,932,436.7,407004.4,44721.6,19751.93,174043.83,10,Air,Distributor,2022,Jul,Q3
ORD00218,2023-07-29,2023-08-08,USA,India,Fashion,961,428.21,411509.81,12925.21,13345.05,202834.75,10,Rail,B2B,2023,Jul,Q3
ORD00219,2023-09-05,2023-09-09,USA,UK,Sports,864,427.73,369558.72,33605.14,19377.35,126196.63,4,Sea,Distributor,2023,Sep,Q3
ORD00220,2022-06-10,2022-06-20,USA,UAE,Electronics,110,229.8,25278.0,2666.34,1022.13,5646.65,10,Rail,Retail,2022,Jun,Q2
ORD00221,2022-03-02,2022-03-14,China,Japan,Beauty,243,190.79,46361.97,5317.85,2128.52,10917.21,12,Rail,B2B,2022,Mar,Q1
ORD00222,2023-08-28,2023-09-11,India,USA,Electronics,284,94.03,26704.52,2511.59,1549.77,6035.71,14,Road,Retail,2023,Aug,Q3
ORD00223,2022-08-07,2022-08-10,India,Canada,Beauty,378,385.45,145700.1,5711.56,3677.15,59193.22,3,Rail,B2B,2022,Aug,Q3
ORD00224,2022-02-23,2022-02-26,China,Singapore,Electronics,621,307.06,190684.26,11288.27,8221.21,78205.87,3,Rail,B2B,2022,Feb,Q1
ORD00225,2023-05-13,2023-05-24,USA,Germany,Beauty,183,86.64,15855.12,905.36,786.21,7520.57,11,Rail,Retail,2023,May,Q2
ORD00226,2024-05-12,2024-05-18,China,USA,Home,267,473.23,126352.41,11988.44,6285.8,34161.93,6,Rail,B2B,2024,May,Q2
ORD00227,2022-10-05,2022-10-11,India,Australia,Home,871,317.69,276707.99,28325.73,11005.37,98906.44,6,Sea,Retail,2022,Oct,Q4
ORD00228,2023-10-19,2023-10-30,USA,UK,Beauty,331,105.27,34844.37,2294.21,1364.1,9566.44,11,Rail,Distributor,2023,Oct,Q4
ORD00229,2023-05-12,2023-05-19,China,Canada,Beauty,383,74.67,28598.61,2309.24,1588.18,8580.48,7,Air,Distributor,2023,May,Q2
ORD00230,2024-08-03,2024-08-16,India,Japan,Home,861,352.56,303554.16,31480.66,20562.58,92830.27,13,Rail,B2B,2024,Aug,Q3
ORD00231,2023-09-13,2023-09-18,China,Germany,Beauty,818,200.96,164385.28,11575.35,9185.2,49156.91,5,Rail,Distributor,2023,Sep,Q3
ORD00232,2022-03-17,2022-03-31,China,Singapore,Sports,663,458.91,304257.33,12122.6,10616.71,99143.69,14,Sea,Distributor,2022,Mar,Q1
ORD00233,2022-04-01,2022-04-12,USA,Australia,Home,998,402.19,401385.62,15868.78,10402.47,187827.71,11,Sea,Retail,2022,Apr,Q2
ORD00234,2024-02-06,2024-02-14,China,Singapore,Fashion,363,498.9,181100.7,13301.74,6832.19,38512.95,8,Air,B2B,2024,Feb,Q1
ORD00235,2022-10-18,2022-10-25,China,UAE,Beauty,813,119.3,96990.9,7125.28,4710.82,33609.01,7,Rail,Retail,2022,Oct,Q4
ORD00236,2022-05-18,2022-05-24,India,USA,Electronics,879,184.68,162333.72,6467.8,11039.18,34605.92,6,Sea,Distributor,2022,May,Q2
ORD00237,2022-12-24,2023-01-03,India,UAE,Sports,446,480.06,214106.76,10890.97,9485.54,96239.83,10,Rail,Retail,2022,Dec,Q4
ORD00238,2022-03-01,2022-03-14,USA,UK,Beauty,616,226.19,139333.04,4235.79,4582.35,63146.89,13,Air,Distributor,2022,Mar,Q1
ORD00239,2022-07-28,2022-08-11,USA,Germany,Home,343,114.6,39307.8,1582.37,2367.98,13862.17,14,Road,Distributor,2022,Jul,Q3
ORD00240,2024-03-06,2024-03-17,China,USA,Home,370,425.85,157564.5,13481.63,10844.27,36841.19,11,Road,Distributor,2024,Mar,Q1
ORD00241,2022-06-23,2022-07-05,India,UAE,Electronics,254,166.58,42311.32,1966.38,2606.64,14329.67,12,Rail,Distributor,2022,Jun,Q2
ORD00242,2022-10-10,2022-10-21,China,Australia,Fashion,508,325.04,165120.32,15258.6,9695.14,24587.33,11,Sea,Retail,2022,Oct,Q4
ORD00243,2023-08-15,2023-08-19,India,UAE,Beauty,644,45.73,29450.12,1835.14,605.94,14022.7,4,Rail,Distributor,2023,Aug,Q3
ORD00244,2024-11-01,2024-11-13,China,Australia,Beauty,435,360.87,156978.45,10980.12,4714.88,51865.49,12,Sea,Retail,2024,Nov,Q4
ORD00245,2022-03-08,2022-03-14,India,Singapore,Home,182,394.76,71846.32,5812.98,4767.21,21851.67,6,Air,Distributor,2022,Mar,Q1
ORD00246,2022-08-22,2022-08-28,USA,UAE,Sports,852,383.26,326537.52,32131.41,15178.12,127204.34,6,Rail,B2B,2022,Aug,Q3
ORD00247,2023-05-22,2023-05-28,India,Japan,Home,366,433.86,158792.76,6006.89,11419.97,72256.78,6,Sea,B2B,2023,May,Q2
ORD00248,2023-12-20,2024-01-04,USA,Australia,Fashion,640,86.83,55571.2,2700.53,1801.43,27851.18,15,Road,Distributor,2023,Dec,Q4
ORD00249,2023-07-30,2023-08-10,USA,Germany,Home,730,160.46,117135.8,9551.98,9036.31,33616.27,11,Air,B2B,2023,Jul,Q3
ORD00250,2024-04-22,2024-04-24,China,Germany,Fashion,265,90.2,23903.0,1410.01,833.1,6049.64,2,Rail,Retail,2024,Apr,Q2
ORD00251,2022-10-19,2022-10-30,USA,Canada,Beauty,394,236.96,93362.24,8124.99,6797.47,38487.42,11,Road,Distributor,2022,Oct,Q4
ORD00252,2024-01-26,2024-02-04,China,UAE,Sports,12,437.08,5244.96,557.25,134.21,925.85,9,Road,B2B,2024,Jan,Q1
ORD00253,2024-12-30,2025-01-07,India,Australia,Fashion,516,148.9,76832.4,8032.9,3093.68,21651.65,8,Rail,Retail,2024,Dec,Q4
ORD00254,2022-04-10,2022-04-12,India,Japan,Electronics,137,466.13,63859.81,2823.79,3026.39,13464.13,2,Rail,B2B,2022,Apr,Q2
ORD00255,2022-09-28,2022-10-10,China,Germany,Home,105,334.2,35091.0,1843.51,1484.72,8211.79,12,Sea,B2B,2022,Sep,Q3
ORD00256,2024-03-22,2024-04-03,China,UK,Beauty,681,63.78,43434.18,1675.11,1424.87,21944.97,12,Sea,Distributor,2024,Mar,Q1
ORD00257,2024-06-30,2024-07-02,India,UAE,Electronics,890,222.71,198211.9,8304.24,4806.58,83037.61,2,Air,B2B,2024,Jun,Q2
ORD00258,2023-10-04,2023-10-11,China,Germany,Beauty,802,410.42,329156.84,35780.91,19253.89,75594.01,7,Air,Distributor,2023,Oct,Q4
ORD00259,2022-01-18,2022-01-29,USA,Germany,Beauty,369,366.77,135338.13,11710.43,3935.96,48840.47,11,Rail,B2B,2022,Jan,Q1
ORD00260,2022-06-27,2022-06-30,India,USA,Sports,757,204.34,154685.38,18050.61,6012.65,62259.06,3,Road,Distributor,2022,Jun,Q2
ORD00261,2022-06-22,2022-06-27,USA,Canada,Electronics,878,426.59,374546.02,40759.76,12107.85,103663.39,5,Sea,Distributor,2022,Jun,Q2
ORD00262,2024-03-13,2024-03-19,USA,India,Fashion,516,205.23,105898.68,5474.68,6172.3,49636.2,6,Air,Retail,2024,Mar,Q1
ORD00263,2023-10-11,2023-10-15,China,Australia,Home,569,347.81,197903.89,19522.3,15291.48,38190.96,4,Air,Distributor,2023,Oct,Q4
ORD00264,2022-05-19,2022-05-21,China,UK,Electronics,954,49.03,46774.62,4725.93,2357.28,12161.22,2,Rail,Retail,2022,May,Q2
ORD00265,2024-04-03,2024-04-06,USA,Singapore,Sports,640,93.29,59705.6,2240.38,1477.19,15610.48,3,Sea,Distributor,2024,Apr,Q2
ORD00266,2023-11-01,2023-11-09,USA,China,Home,725,229.99,166742.75,19310.23,5722.32,62783.53,8,Rail,B2B,2023,Nov,Q4
ORD00267,2024-07-17,2024-07-28,USA,India,Home,692,376.01,260198.92,25150.63,7068.71,68641.52,11,Air,B2B,2024,Jul,Q3
ORD00268,2024-10-13,2024-10-20,USA,Singapore,Home,180,198.5,35730.0,3482.96,2587.12,7511.58,7,Air,B2B,2024,Oct,Q4
ORD00269,2023-11-18,2023-12-02,China,Canada,Sports,75,146.22,10966.5,1291.36,632.24,3024.0,14,Road,B2B,2023,Nov,Q4
ORD00270,2024-10-20,2024-11-04,USA,Germany,Home,171,142.46,24360.66,956.43,1326.07,7051.69,15,Sea,Distributor,2024,Oct,Q4
ORD00271,2024-11-08,2024-11-10,India,China,Fashion,57,246.45,14047.65,905.63,407.45,3191.33,2,Air,Distributor,2024,Nov,Q4
ORD00272,2024-05-08,2024-05-13,China,UK,Beauty,947,365.74,346355.78,18846.33,8545.71,141684.15,5,Air,B2B,2024,May,Q2
ORD00273,2023-04-03,2023-04-17,USA,India,Beauty,80,440.96,35276.8,3807.88,2342.79,11727.28,14,Air,Distributor,2023,Apr,Q2
ORD00274,2024-07-24,2024-07-26,China,UK,Home,587,396.56,232780.72,22477.73,8043.75,83428.85,2,Rail,B2B,2024,Jul,Q3
ORD00275,2023-05-18,2023-05-22,India,Australia,Electronics,248,279.94,69425.12,6056.28,4277.12,31121.84,4,Road,B2B,2023,May,Q2
ORD00276,2024-02-10,2024-02-25,USA,Canada,Electronics,220,274.31,60348.2,3104.01,2988.55,29031.99,15,Sea,Distributor,2024,Feb,Q1
ORD00277,2023-07-28,2023-07-31,India,UK,Sports,432,356.41,153969.12,9780.78,12082.46,66596.53,3,Air,Distributor,2023,Jul,Q3
ORD00278,2022-10-01,2022-10-13,China,USA,Sports,591,49.9,29490.9,2642.97,821.1,11649.93,12,Road,Retail,2022,Oct,Q4
ORD00279,2023-10-31,2023-11-07,China,Canada,Fashion,86,472.91,40670.26,1718.32,2692.73,18661.52,7,Air,B2B,2023,Oct,Q4
ORD00280,2024-07-09,2024-07-18,China,Australia,Electronics,558,191.98,107124.84,10640.74,5047.19,33696.2,9,Air,B2B,2024,Jul,Q3
ORD00281,2022-11-19,2022-12-03,USA,Canada,Sports,51,123.21,6283.71,672.93,181.6,1575.08,14,Road,Retail,2022,Nov,Q4
ORD00282,2024-11-17,2024-11-19,USA,Canada,Home,849,495.52,420696.48,13797.75,18621.51,162926.8,2,Sea,B2B,2024,Nov,Q4
ORD00283,2024-08-04,2024-08-07,India,USA,Electronics,73,418.58,30556.34,3618.82,850.78,6313.67,3,Road,Distributor,2024,Aug,Q3
ORD00284,2022-06-22,2022-07-03,USA,Canada,Electronics,32,498.64,15956.48,762.68,937.59,3999.55,11,Air,Retail,2022,Jun,Q2
ORD00285,2022-09-08,2022-09-10,China,India,Fashion,956,295.46,282459.76,29362.17,12343.47,125271.95,2,Rail,B2B,2022,Sep,Q3
ORD00286,2023-12-26,2023-12-31,India,Canada,Home,466,444.04,206922.64,6852.96,11825.75,90217.34,5,Road,Retail,2023,Dec,Q4
ORD00287,2024-04-23,2024-05-03,China,India,Electronics,296,203.85,60339.6,4086.87,3533.44,14152.67,10,Sea,Distributor,2024,Apr,Q2
ORD00288,2022-02-09,2022-02-17,USA,UAE,Beauty,567,395.09,224016.03,13656.71,12083.22,87056.32,8,Road,B2B,2022,Feb,Q1
ORD00289,2022-02-23,2022-03-02,USA,UK,Electronics,927,409.13,379263.51,20967.18,25986.84,126936.28,7,Road,Distributor,2022,Feb,Q1
ORD00290,2023-04-22,2023-04-26,India,UK,Fashion,282,276.17,77879.94,7882.33,5001.73,15992.66,4,Sea,Distributor,2023,Apr,Q2
ORD00291,2024-03-06,2024-03-13,India,Germany,Fashion,616,172.64,106346.24,10254.91,4416.24,30263.46,7,Road,Distributor,2024,Mar,Q1
ORD00292,2022-10-19,2022-10-30,India,Japan,Sports,326,104.27,33992.02,1135.9,794.4,12329.39,11,Air,Distributor,2022,Oct,Q4
ORD00293,2024-09-05,2024-09-07,China,UK,Fashion,358,364.13,130358.54,14690.14,9210.75,41659.46,2,Air,B2B,2024,Sep,Q3
ORD00294,2022-10-18,2022-11-01,India,Singapore,Home,993,54.82,54436.26,5084.81,3251.39,14755.39,14,Road,Retail,2022,Oct,Q4
ORD00295,2023-10-23,2023-10-27,India,Australia,Beauty,674,172.3,116130.2,10875.18,6238.36,21571.74,4,Road,B2B,2023,Oct,Q4
ORD00296,2022-12-26,2023-01-03,China,Canada,Fashion,191,369.84,70639.44,8151.15,5433.72,20500.04,8,Air,B2B,2022,Dec,Q4
ORD00297,2023-10-14,2023-10-28,USA,UK,Sports,116,469.61,54474.76,2323.78,3525.64,22946.0,14,Road,B2B,2023,Oct,Q4
ORD00298,2022-07-01,2022-07-16,USA,UAE,Beauty,21,147.3,3093.3,162.27,74.45,1381.08,15,Air,Distributor,2022,Jul,Q3
ORD00299,2022-01-03,2022-01-05,China,Japan,Beauty,180,444.58,80024.4,5952.01,3418.86,25535.2,2,Air,Retail,2022,Jan,Q1
ORD00300,2023-04-07,2023-04-11,China,USA,Electronics,311,29.64,9218.04,493.18,242.28,3850.12,4,Rail,B2B,2023,Apr,Q2
ORD00301,2022-06-03,2022-06-13,India,UAE,Sports,638,448.75,286302.5,26742.2,13135.39,75762.69,10,Rail,B2B,2022,Jun,Q2
ORD00302,2022-04-20,2022-04-23,China,UK,Fashion,429,354.65,152144.85,14451.24,9706.6,55021.47,3,Road,Retail,2022,Apr,Q2
ORD00303,2023-05-02,2023-05-05,India,Australia,Sports,572,423.13,242030.36,10606.52,10080.5,93483.11,3,Road,Distributor,2023,May,Q2
ORD00304,2024-09-10,2024-09-15,India,China,Fashion,184,326.33,60044.72,7081.39,2907.02,23957.71,5,Rail,Retail,2024,Sep,Q3
ORD00305,2024-09-28,2024-10-10,China,USA,Sports,406,108.74,44148.44,4842.83,1861.48,13880.67,12,Road,Retail,2024,Sep,Q3
ORD00306,2024-08-10,2024-08-16,India,Canada,Sports,73,92.54,6755.42,626.11,174.3,1898.77,6,Rail,Distributor,2024,Aug,Q3
ORD00307,2023-04-11,2023-04-21,India,Australia,Sports,438,483.5,211773.0,19448.41,16133.22,55096.54,10,Sea,Retail,2023,Apr,Q2
ORD00308,2023-09-05,2023-09-08,China,India,Sports,594,452.22,268618.68,27409.99,16292.29,67483.84,3,Air,Retail,2023,Sep,Q3
ORD00309,2022-12-21,2022-12-25,India,UK,Fashion,53,223.22,11830.66,1407.2,545.67,1606.02,4,Sea,Distributor,2022,Dec,Q4
ORD00310,2023-06-13,2023-06-20,USA,China,Electronics,407,287.05,116829.35,9309.53,8341.32,34232.31,7,Air,Distributor,2023,Jun,Q2
ORD00311,2024-12-06,2024-12-20,China,USA,Beauty,163,91.14,14855.82,1231.76,973.1,2520.85,14,Air,Distributor,2024,Dec,Q4
ORD00312,2022-07-26,2022-08-09,China,Singapore,Home,908,217.23,197244.84,12717.15,9691.64,59903.72,14,Air,B2B,2022,Jul,Q3
ORD00313,2023-07-19,2023-07-27,India,Australia,Electronics,415,447.0,185505.0,11099.59,6354.43,52346.88,8,Road,Retail,2023,Jul,Q3
ORD00314,2022-02-11,2022-02-18,China,Canada,Home,873,255.98,223470.54,20705.99,5786.33,49337.94,7,Sea,Retail,2022,Feb,Q1
ORD00315,2024-06-26,2024-07-10,China,Canada,Beauty,629,329.87,207488.23,9734.15,6781.43,56688.17,14,Rail,Distributor,2024,Jun,Q2
ORD00316,2024-02-05,2024-02-20,India,Singapore,Fashion,77,169.34,13039.18,985.91,366.91,3140.63,15,Air,B2B,2024,Feb,Q1
ORD00317,2023-01-30,2023-02-14,India,China,Fashion,43,239.1,10281.3,1157.91,640.3,3525.52,15,Rail,Distributor,2023,Jan,Q1
ORD00318,2024-03-23,2024-04-04,India,China,Fashion,391,254.62,99556.42,6983.81,7728.69,30847.04,12,Road,Retail,2024,Mar,Q1
ORD00319,2022-12-01,2022-12-16,China,USA,Home,38,205.55,7810.9,348.85,424.41,1652.22,15,Sea,Distributor,2022,Dec,Q4
ORD00320,2023-04-07,2023-04-19,India,Canada,Beauty,535,29.63,15852.05,1588.81,1047.1,6833.0,12,Sea,Distributor,2023,Apr,Q2
ORD00321,2022-12-21,2023-01-01,India,UK,Home,632,406.44,256870.08,14767.81,20041.38,69782.63,11,Rail,Retail,2022,Dec,Q4
ORD00322,2023-12-16,2023-12-25,China,UK,Beauty,319,345.05,110070.95,11468.07,4824.32,46371.7,9,Road,Distributor,2023,Dec,Q4
ORD00323,2023-08-02,2023-08-08,USA,China,Beauty,75,181.42,13606.5,746.77,537.57,5749.33,6,Road,B2B,2023,Aug,Q3
ORD00324,2022-11-04,2022-11-14,India,China,Sports,423,337.05,142572.15,13012.28,9021.54,35476.91,10,Road,Retail,2022,Nov,Q4
ORD00325,2024-05-07,2024-05-15,China,India,Sports,735,497.48,365647.8,37823.09,14841.65,88471.37,8,Rail,Distributor,2024,May,Q2
ORD00326,2024-01-05,2024-01-15,China,Germany,Sports,195,161.02,31398.9,2272.35,2023.82,7712.15,10,Sea,Distributor,2024,Jan,Q1
ORD00327,2023-11-19,2023-12-01,India,UK,Home,238,377.22,89778.36,5174.62,6040.78,33728.08,12,Road,Distributor,2023,Nov,Q4
ORD00328,2023-08-26,2023-09-04,India,Japan,Electronics,897,324.51,291085.47,23935.43,16661.52,92817.45,9,Sea,Distributor,2023,Aug,Q3
ORD00329,2022-09-03,2022-09-18,USA,Australia,Sports,315,218.29,68761.35,7452.11,1997.29,11336.86,15,Road,Retail,2022,Sep,Q3
ORD00330,2024-07-26,2024-07-30,China,Germany,Electronics,509,179.66,91446.94,10863.68,3548.58,38864.35,4,Rail,Retail,2024,Jul,Q3
ORD00331,2023-03-05,2023-03-19,India,Germany,Beauty,814,386.51,314619.14,11931.53,17892.01,99155.75,14,Rail,Retail,2023,Mar,Q1
ORD00332,2024-09-04,2024-09-12,India,China,Sports,214,370.72,79334.08,9163.58,5832.67,14591.05,8,Sea,B2B,2024,Sep,Q3
ORD00333,2022-01-09,2022-01-21,USA,UK,Fashion,720,440.95,317484.0,18442.11,8306.17,115801.74,12,Road,B2B,2022,Jan,Q1
ORD00334,2022-05-14,2022-05-29,India,Canada,Home,476,369.36,175815.36,14711.05,7080.1,36862.22,15,Sea,Retail,2022,May,Q2
ORD00335,2024-09-30,2024-10-07,India,Germany,Beauty,29,129.64,3759.56,358.83,104.79,964.17,7,Sea,B2B,2024,Sep,Q3
ORD00336,2024-01-21,2024-02-03,USA,India,Beauty,907,327.35,296906.45,29516.2,17038.89,78686.81,13,Air,Distributor,2024,Jan,Q1
ORD00337,2022-08-10,2022-08-22,India,China,Electronics,436,233.27,101705.72,4182.5,3576.41,31849.32,12,Sea,Distributor,2022,Aug,Q3
ORD00338,2022-01-20,2022-01-26,China,USA,Sports,286,318.94,91216.84,8489.13,4116.57,17533.57,6,Air,Retail,2022,Jan,Q1
ORD00339,2022-08-22,2022-09-05,India,Japan,Fashion,633,115.88,73352.04,3936.76,3769.47,31867.05,14,Rail,Retail,2022,Aug,Q3
ORD00340,2022-11-25,2022-11-27,USA,Japan,Fashion,714,467.9,334080.6,19962.76,6736.49,106435.23,2,Air,Distributor,2022,Nov,Q4
ORD00341,2024-10-08,2024-10-12,India,Singapore,Electronics,750,367.32,275490.0,30697.89,16160.3,80686.69,4,Road,Retail,2024,Oct,Q4
ORD00342,2024-08-08,2024-08-10,India,Germany,Electronics,882,159.47,140652.54,14366.76,5452.03,33409.47,2,Air,B2B,2024,Aug,Q3
ORD00343,2022-01-20,2022-02-04,India,Germany,Home,376,449.37,168963.12,19592.63,6099.33,38527.48,15,Road,Retail,2022,Jan,Q1
ORD00344,2023-01-10,2023-01-13,China,Australia,Beauty,288,421.14,121288.32,11169.59,5906.1,40351.67,3,Sea,B2B,2023,Jan,Q1
ORD00345,2022-09-29,2022-10-12,USA,India,Fashion,116,219.69,25484.04,2119.44,1736.38,6248.14,13,Sea,Distributor,2022,Sep,Q3
ORD00346,2024-02-17,2024-03-02,China,India,Fashion,504,461.79,232742.16,9347.94,10398.23,116689.22,14,Road,Distributor,2024,Feb,Q1
ORD00347,2023-10-06,2023-10-08,USA,Singapore,Sports,751,291.21,218698.71,25808.77,13163.62,70051.06,2,Air,Retail,2023,Oct,Q4
ORD00348,2023-05-25,2023-06-03,China,Australia,Fashion,869,416.69,362103.61,39934.8,20558.37,155504.0,9,Sea,Distributor,2023,May,Q2
ORD00349,2024-08-19,2024-09-03,China,Germany,Electronics,779,255.99,199416.21,10305.88,15596.08,90735.54,15,Sea,Distributor,2024,Aug,Q3
ORD00350,2024-02-15,2024-02-23,India,USA,Beauty,464,404.61,187739.04,13203.48,13403.7,60856.6,8,Air,Retail,2024,Feb,Q1
ORD00351,2022-02-06,2022-02-09,China,Australia,Electronics,580,283.57,164470.6,17159.51,11102.92,22895.92,3,Road,Distributor,2022,Feb,Q1
ORD00352,2023-02-28,2023-03-12,USA,Japan,Home,382,416.15,158969.3,16452.21,11232.62,51864.71,12,Rail,Distributor,2023,Feb,Q1
ORD00353,2024-01-15,2024-01-28,China,USA,Electronics,787,336.28,264652.36,7991.9,10932.35,89557.19,13,Road,Distributor,2024,Jan,Q1
ORD00354,2024-12-05,2024-12-12,USA,China,Electronics,928,98.79,91677.12,3909.15,5776.7,25475.28,7,Air,Retail,2024,Dec,Q4
ORD00355,2023-02-06,2023-02-11,India,Australia,Fashion,478,415.79,198747.62,9371.37,8004.76,56727.95,5,Air,Distributor,2023,Feb,Q1
ORD00356,2022-09-10,2022-09-24,China,Japan,Sports,989,262.01,259127.89,30252.39,5250.0,62742.28,14,Rail,Distributor,2022,Sep,Q3
ORD00357,2024-09-16,2024-09-26,India,Germany,Fashion,116,205.95,23890.2,2007.95,1743.07,6970.11,10,Rail,Retail,2024,Sep,Q3
ORD00358,2023-05-24,2023-05-30,China,UAE,Home,473,406.3,192179.9,8155.38,10791.18,45254.78,6,Road,Distributor,2023,May,Q2
ORD00359,2023-10-05,2023-10-18,USA,Singapore,Fashion,215,120.66,25941.9,2446.18,1587.56,4362.16,13,Sea,Distributor,2023,Oct,Q4
ORD00360,2022-12-31,2023-01-10,USA,UAE,Electronics,789,189.07,149176.23,10924.67,8091.06,40632.81,10,Rail,Distributor,2022,Dec,Q4
ORD00361,2024-12-29,2025-01-04,China,India,Sports,119,32.13,3823.47,164.71,230.23,1669.85,6,Sea,Retail,2024,Dec,Q4
ORD00362,2023-05-29,2023-06-02,India,Canada,Fashion,781,279.76,218492.56,13608.03,10303.16,66799.79,4,Sea,Distributor,2023,May,Q2
ORD00363,2024-03-07,2024-03-12,USA,Canada,Electronics,958,203.16,194627.28,13135.58,13095.83,50540.37,5,Air,B2B,2024,Mar,Q1
ORD00364,2023-05-30,2023-06-04,USA,Japan,Fashion,943,324.22,305739.46,28696.43,12860.77,87918.69,5,Sea,Distributor,2023,May,Q2
ORD00365,2023-02-01,2023-02-07,China,Germany,Electronics,201,481.99,96879.99,9315.7,2631.38,44999.92,6,Road,Distributor,2023,Feb,Q1
ORD00366,2023-06-26,2023-06-30,India,Canada,Electronics,348,243.84,84856.32,9705.4,1900.48,15667.92,4,Air,Distributor,2023,Jun,Q2
ORD00367,2023-09-09,2023-09-18,USA,Singapore,Home,84,396.34,33292.56,1951.19,1105.24,15082.66,9,Air,Distributor,2023,Sep,Q3
ORD00368,2022-11-23,2022-12-01,USA,Singapore,Beauty,104,187.71,19521.84,2137.75,1167.41,6469.04,8,Road,B2B,2022,Nov,Q4
ORD00369,2024-12-22,2024-12-31,USA,India,Electronics,694,186.08,129139.52,6667.64,7559.29,27668.23,9,Sea,B2B,2024,Dec,Q4
ORD00370,2023-10-20,2023-10-28,India,Australia,Home,563,367.51,206908.13,6667.31,10554.81,59096.3,8,Rail,Retail,2023,Oct,Q4
ORD00371,2022-03-31,2022-04-06,USA,UK,Home,536,59.53,31908.08,1232.8,2498.33,8011.19,6,Air,Distributor,2022,Mar,Q1
ORD00372,2022-05-15,2022-05-20,USA,UK,Beauty,865,69.88,60446.2,4738.85,3757.61,10068.55,5,Rail,Distributor,2022,May,Q2
ORD00373,2022-05-28,2022-06-10,USA,Germany,Electronics,480,364.1,174768.0,5838.96,4263.44,85426.2,13,Road,Distributor,2022,May,Q2
ORD00374,2022-05-25,2022-06-05,India,Canada,Beauty,407,236.54,96271.78,6392.48,3753.08,36368.1,11,Air,Distributor,2022,May,Q2
ORD00375,2022-01-13,2022-01-25,USA,China,Sports,56,356.42,19959.52,729.18,1510.59,9100.42,12,Road,Distributor,2022,Jan,Q1
ORD00376,2022-06-27,2022-07-03,China,Australia,Beauty,851,337.15,286914.65,20846.9,14921.88,124641.06,6,Rail,Distributor,2022,Jun,Q2
ORD00377,2023-08-28,2023-09-09,India,Canada,Home,990,475.74,470982.6,37592.5,25105.34,202479.24,12,Air,Distributor,2023,Aug,Q3
ORD00378,2024-03-18,2024-03-28,USA,China,Home,225,379.18,85315.5,9497.25,3466.46,27663.84,10,Sea,B2B,2024,Mar,Q1
ORD00379,2023-01-12,2023-01-17,USA,Canada,Fashion,127,107.05,13595.35,1386.31,967.11,2331.32,5,Rail,Distributor,2023,Jan,Q1
ORD00380,2022-05-30,2022-06-05,USA,China,Home,110,114.76,12623.6,1038.34,973.18,4210.13,6,Sea,B2B,2022,May,Q2
ORD00381,2023-08-07,2023-08-18,India,UK,Home,507,236.31,119809.17,10240.19,4593.55,36055.09,11,Road,Retail,2023,Aug,Q3
ORD00382,2024-05-27,2024-05-31,India,UAE,Fashion,814,126.33,102832.62,9931.93,4747.52,21102.91,4,Sea,Distributor,2024,May,Q2
ORD00383,2023-11-11,2023-11-20,China,Japan,Home,803,166.63,133803.89,10657.54,4087.2,41186.85,9,Road,B2B,2023,Nov,Q4
ORD00384,2023-02-07,2023-02-13,USA,China,Electronics,923,28.94,26711.62,2020.63,584.23,8759.14,6,Rail,Distributor,2023,Feb,Q1
ORD00385,2023-03-12,2023-03-14,USA,Canada,Sports,925,499.39,461935.75,33485.42,30724.19,162256.43,2,Sea,Distributor,2023,Mar,Q1
ORD00386,2023-08-19,2023-08-23,China,Singapore,Sports,102,210.46,21466.92,1614.21,1282.88,4521.99,4,Sea,Distributor,2023,Aug,Q3
ORD00387,2022-10-15,2022-10-24,India,Germany,Sports,981,291.59,286049.79,31035.71,8230.21,69547.04,9,Road,B2B,2022,Oct,Q4
ORD00388,2023-03-25,2023-04-08,China,UK,Electronics,280,197.33,55252.4,1870.45,1790.53,14444.25,14,Road,Retail,2023,Mar,Q1
ORD00389,2024-08-19,2024-08-28,India,China,Home,115,357.79,41145.85,3165.09,2871.11,8345.85,9,Road,Distributor,2024,Aug,Q3
ORD00390,2022-12-23,2022-12-31,USA,Australia,Home,611,333.6,203829.6,21441.29,10395.26,67449.13,8,Sea,Distributor,2022,Dec,Q4
ORD00391,2024-04-11,2024-04-18,China,Japan,Beauty,918,310.02,284598.36,21391.93,8064.98,127162.76,7,Air,Distributor,2024,Apr,Q2
ORD00392,2023-07-30,2023-08-04,India,Germany,Fashion,380,308.97,117408.6,12154.84,7005.37,36681.19,5,Road,Distributor,2023,Jul,Q3
ORD00393,2022-08-21,2022-08-30,USA,Japan,Beauty,225,303.58,68305.5,6028.19,3050.11,26911.79,9,Sea,Distributor,2022,Aug,Q3
ORD00394,2022-11-26,2022-11-30,USA,Singapore,Electronics,922,294.69,271704.18,9518.36,9644.3,129184.76,4,Rail,Distributor,2022,Nov,Q4
ORD00395,2022-02-08,2022-02-21,USA,Canada,Electronics,231,235.62,54428.22,6496.0,3920.91,19454.93,13,Rail,Distributor,2022,Feb,Q1
ORD00396,2022-10-20,2022-11-03,USA,Germany,Sports,685,265.19,181655.15,8191.73,11105.57,39430.8,14,Air,B2B,2022,Oct,Q4
ORD00397,2024-02-14,2024-02-22,India,USA,Electronics,217,270.9,58785.3,6574.58,3589.55,10530.98,8,Air,B2B,2024,Feb,Q1
ORD00398,2024-09-01,2024-09-12,USA,India,Sports,525,381.14,200098.5,7681.2,11918.58,46313.58,11,Air,Distributor,2024,Sep,Q3
ORD00399,2024-06-02,2024-06-12,China,UAE,Electronics,724,274.31,198600.44,10059.86,13532.24,48526.34,10,Rail,Retail,2024,Jun,Q2
ORD00400,2022-07-20,2022-07-28,India,Canada,Beauty,794,131.61,104498.34,11214.22,3866.02,20132.58,8,Rail,Retail,2022,Jul,Q3
ORD00401,2023-01-23,2023-01-25,USA,India,Sports,545,76.56,41725.2,1278.77,2473.17,12674.02,2,Road,Retail,2023,Jan,Q1
ORD00402,2024-01-12,2024-01-15,India,Australia,Sports,269,145.43,39120.67,3061.17,2107.83,11122.25,3,Rail,B2B,2024,Jan,Q1
ORD00403,2024-04-26,2024-05-06,USA,Japan,Fashion,389,288.37,112175.93,8249.24,8896.73,30720.02,10,Rail,Distributor,2024,Apr,Q2
ORD00404,2022-10-10,2022-10-25,USA,China,Fashion,467,395.89,184880.63,21341.15,4809.99,56582.38,15,Road,Distributor,2022,Oct,Q4
ORD00405,2022-04-17,2022-04-21,China,India,Electronics,853,89.76,76565.28,8676.96,3531.39,32258.92,4,Sea,Retail,2022,Apr,Q2
ORD00406,2022-06-13,2022-06-24,India,Australia,Beauty,638,334.96,213704.48,11920.91,16628.73,95989.02,11,Sea,Distributor,2022,Jun,Q2
ORD00407,2024-10-09,2024-10-18,India,UK,Sports,302,113.48,34270.96,3446.16,1735.24,8200.21,9,Sea,Distributor,2024,Oct,Q4
ORD00408,2022-03-15,2022-03-22,India,China,Fashion,98,498.47,48850.06,4893.34,2012.02,16613.85,7,Sea,Distributor,2022,Mar,Q1
ORD00409,2022-02-01,2022-02-14,USA,China,Electronics,572,156.56,89552.32,9374.23,6707.52,28297.82,13,Road,B2B,2022,Feb,Q1
ORD00410,2023-02-03,2023-02-12,China,India,Home,189,215.42,40714.38,1611.55,991.12,18231.87,9,Air,Distributor,2023,Feb,Q1
ORD00411,2023-06-12,2023-06-22,USA,Canada,Beauty,999,201.0,200799.0,14764.09,6946.92,78307.33,10,Rail,Distributor,2023,Jun,Q2
ORD00412,2024-08-01,2024-08-12,India,Japan,Electronics,274,52.43,14365.82,1250.25,1144.26,3307.66,11,Sea,Retail,2024,Aug,Q3
ORD00413,2024-04-24,2024-05-01,USA,Singapore,Electronics,727,419.44,304932.88,15961.16,7800.36,97568.41,7,Road,B2B,2024,Apr,Q2
ORD00414,2023-01-01,2023-01-10,China,UAE,Fashion,925,295.38,273226.5,12691.54,17696.71,57296.53,9,Sea,Retail,2023,Jan,Q1
ORD00415,2023-02-13,2023-02-18,USA,UK,Home,221,130.02,28734.42,3021.27,2016.58,9133.73,5,Air,B2B,2023,Feb,Q1
ORD00416,2022-06-10,2022-06-22,USA,Japan,Sports,16,386.84,6189.44,487.31,139.48,2191.34,12,Road,Retail,2022,Jun,Q2
ORD00417,2023-07-17,2023-07-26,India,Singapore,Home,417,126.6,52792.2,4323.67,1227.36,13465.72,9,Rail,Distributor,2023,Jul,Q3
ORD00418,2022-03-08,2022-03-18,China,Australia,Fashion,478,488.72,233608.16,21688.65,11120.74,59053.94,10,Air,Distributor,2022,Mar,Q1
ORD00419,2023-03-08,2023-03-16,USA,China,Home,380,314.13,119369.4,6371.11,6316.29,50442.09,8,Rail,Distributor,2023,Mar,Q1
ORD00420,2023-12-04,2023-12-11,India,Japan,Beauty,225,221.16,49761.0,4861.53,2085.22,16929.68,7,Rail,B2B,2023,Dec,Q4
ORD00421,2022-09-26,2022-10-07,USA,UK,Electronics,748,149.58,111885.84,5731.07,5139.27,43476.53,11,Sea,Distributor,2022,Sep,Q3
ORD00422,2022-11-03,2022-11-12,India,Germany,Beauty,521,84.55,44050.55,4862.93,2547.85,11962.88,9,Road,Retail,2022,Nov,Q4
ORD00423,2023-09-07,2023-09-13,USA,India,Beauty,111,351.46,39012.06,1381.15,2685.16,13763.69,6,Air,Retail,2023,Sep,Q3
ORD00424,2023-11-17,2023-11-23,China,UAE,Sports,580,467.29,271028.2,14417.16,5743.12,132599.01,6,Sea,Distributor,2023,Nov,Q4
ORD00425,2022-12-24,2023-01-07,China,UAE,Home,699,265.01,185241.99,18473.63,8672.25,79642.0,14,Road,Retail,2022,Dec,Q4
ORD00426,2022-10-24,2022-11-08,India,UAE,Beauty,656,313.91,205924.96,13679.5,15325.84,89662.3,15,Road,B2B,2022,Oct,Q4
ORD00427,2023-10-05,2023-10-12,USA,Canada,Home,629,329.43,207211.47,11274.86,9675.51,49741.49,7,Road,Distributor,2023,Oct,Q4
ORD00428,2024-12-02,2024-12-11,China,Germany,Fashion,884,31.09,27483.56,2624.67,1641.36,4470.14,9,Air,B2B,2024,Dec,Q4
ORD00429,2022-12-08,2022-12-16,India,USA,Electronics,969,441.77,428075.13,33971.63,9238.67,162649.42,8,Air,B2B,2022,Dec,Q4
ORD00430,2023-06-22,2023-07-03,India,USA,Beauty,326,130.09,42409.34,4087.56,1975.84,17773.89,11,Sea,B2B,2023,Jun,Q2
ORD00431,2022-03-13,2022-03-25,China,UAE,Beauty,488,487.99,238139.12,18730.25,8655.13,83717.6,12,Sea,Distributor,2022,Mar,Q1
ORD00432,2024-07-24,2024-08-05,USA,Australia,Sports,665,326.97,217435.05,12582.86,8877.89,73797.45,12,Air,Retail,2024,Jul,Q3
ORD00433,2023-09-23,2023-09-30,China,Canada,Fashion,320,25.07,8022.4,618.51,525.45,3341.44,7,Road,Retail,2023,Sep,Q3
ORD00434,2024-12-31,2025-01-02,USA,Japan,Beauty,316,24.38,7704.08,529.57,289.48,3269.01,2,Air,Distributor,2024,Dec,Q4
ORD00435,2024-02-05,2024-02-10,China,Singapore,Beauty,414,139.95,57939.3,5466.25,3404.48,11493.31,5,Sea,Retail,2024,Feb,Q1
ORD00436,2022-06-12,2022-06-20,USA,UK,Sports,792,403.98,319952.16,27256.55,19720.4,118899.2,8,Road,Retail,2022,Jun,Q2
ORD00437,2023-01-21,2023-02-05,India,Germany,Fashion,306,72.97,22328.82,1584.92,1053.16,6066.99,15,Rail,B2B,2023,Jan,Q1
ORD00438,2023-10-19,2023-10-21,India,China,Sports,32,109.25,3496.0,137.06,126.39,1084.05,2,Air,B2B,2023,Oct,Q4
ORD00439,2022-07-04,2022-07-08,India,Japan,Fashion,360,221.72,79819.2,8039.01,3983.28,26975.84,4,Air,Retail,2022,Jul,Q3
ORD00440,2022-06-14,2022-06-29,India,China,Home,804,208.36,167521.44,13215.31,5175.78,37107.14,15,Road,Retail,2022,Jun,Q2
ORD00441,2022-01-26,2022-01-29,USA,UK,Beauty,799,487.99,389904.01,20370.38,31064.48,159209.24,3,Air,Distributor,2022,Jan,Q1
ORD00442,2023-03-03,2023-03-12,China,Canada,Home,172,322.0,55384.0,1871.8,4222.77,18480.54,9,Road,Retail,2023,Mar,Q1
ORD00443,2023-09-04,2023-09-09,China,India,Fashion,125,133.26,16657.5,1150.61,348.21,4525.91,5,Air,Retail,2023,Sep,Q3
ORD00444,2023-05-13,2023-05-15,India,Japan,Sports,168,198.27,33309.36,1267.53,981.36,16823.37,2,Road,Distributor,2023,May,Q2
ORD00445,2022-05-03,2022-05-05,China,Germany,Sports,820,71.55,58671.0,4336.13,2288.43,18750.35,2,Road,Retail,2022,May,Q2
ORD00446,2023-01-31,2023-02-02,USA,Australia,Home,751,84.67,63587.17,7050.52,3123.28,19632.69,2,Road,Distributor,2023,Jan,Q1
ORD00447,2024-09-30,2024-10-05,USA,Germany,Sports,366,175.37,64185.42,4631.33,4625.18,17726.78,5,Sea,B2B,2024,Sep,Q3
ORD00448,2024-12-23,2024-12-27,China,Canada,Home,564,196.21,110662.44,3327.04,6449.58,44037.08,4,Sea,B2B,2024,Dec,Q4
ORD00449,2024-01-16,2024-01-30,USA,UK,Home,748,50.4,37699.2,4412.49,2606.64,13453.01,14,Rail,Distributor,2024,Jan,Q1
ORD00450,2022-11-12,2022-11-23,China,UAE,Beauty,666,174.57,116263.62,4495.11,6921.58,56814.57,11,Sea,B2B,2022,Nov,Q4
ORD00451,2022-03-06,2022-03-11,India,Japan,Fashion,111,35.27,3914.97,343.57,169.58,1260.44,5,Road,B2B,2022,Mar,Q1
ORD00452,2024-01-21,2024-01-26,USA,China,Electronics,962,462.1,444540.2,39571.83,33653.57,82531.12,5,Rail,Distributor,2024,Jan,Q1
ORD00453,2022-05-05,2022-05-12,USA,Australia,Home,823,360.05,296321.15,30855.29,10652.43,132671.05,7,Air,Retail,2022,May,Q2
ORD00454,2022-06-09,2022-06-14,USA,China,Electronics,752,130.89,98429.28,6366.39,3109.1,30185.31,5,Sea,Distributor,2022,Jun,Q2
ORD00455,2024-04-30,2024-05-13,India,UAE,Beauty,729,339.32,247364.28,27075.05,7423.05,100533.37,13,Rail,Distributor,2024,Apr,Q2
ORD00456,2023-11-23,2023-12-05,India,Singapore,Sports,463,468.09,216725.67,24105.02,11487.52,29629.95,12,Road,Retail,2023,Nov,Q4
ORD00457,2024-05-31,2024-06-15,USA,UAE,Sports,256,290.31,74319.36,3660.49,4900.8,15381.13,15,Road,Retail,2024,May,Q2
ORD00458,2024-07-15,2024-07-24,China,India,Electronics,301,305.97,92096.97,7053.23,7331.35,32533.99,9,Road,B2B,2024,Jul,Q3
ORD00459,2023-03-16,2023-03-31,China,India,Home,951,285.76,271757.76,21759.39,20532.75,108149.03,15,Air,Retail,2023,Mar,Q1
ORD00460,2023-12-30,2024-01-03,India,Canada,Home,920,299.43,275475.6,14040.85,18915.38,124733.84,4,Rail,Distributor,2023,Dec,Q4
ORD00461,2023-03-22,2023-04-04,India,UAE,Beauty,187,254.37,47567.19,5275.78,2957.29,8612.63,13,Air,Distributor,2023,Mar,Q1
ORD00462,2023-09-08,2023-09-10,USA,Australia,Electronics,808,46.84,37846.72,3761.25,1547.02,8121.92,2,Rail,B2B,2023,Sep,Q3
ORD00463,2023-04-10,2023-04-23,USA,India,Beauty,65,166.3,10809.5,364.35,566.37,5069.91,13,Sea,B2B,2023,Apr,Q2
ORD00464,2022-04-14,2022-04-26,USA,Australia,Beauty,780,305.66,238414.8,17982.59,7945.21,96394.51,12,Rail,B2B,2022,Apr,Q2
ORD00465,2022-09-28,2022-10-05,India,Japan,Sports,773,43.67,33756.91,2225.5,847.46,12099.19,7,Sea,B2B,2022,Sep,Q3
ORD00466,2024-09-11,2024-09-21,India,Japan,Beauty,677,294.24,199200.48,16036.65,15901.12,56253.4,10,Sea,B2B,2024,Sep,Q3
ORD00467,2023-06-30,2023-07-14,China,UAE,Sports,101,74.01,7475.01,502.49,313.32,3242.02,14,Road,Distributor,2023,Jun,Q2
ORD00468,2022-02-19,2022-03-05,China,Germany,Home,641,414.36,265604.76,27158.52,15243.3,81864.28,14,Sea,B2B,2022,Feb,Q1
ORD00469,2024-02-05,2024-02-09,USA,China,Electronics,767,46.18,35420.06,4087.64,2677.89,5255.13,4,Road,B2B,2024,Feb,Q1
ORD00470,2023-12-05,2023-12-18,India,Canada,Beauty,492,30.92,15212.64,742.54,795.32,6659.62,13,Road,Distributor,2023,Dec,Q4
ORD00471,2024-09-16,2024-09-27,USA,Germany,Electronics,395,299.84,118436.8,10625.86,2677.73,51706.86,11,Road,B2B,2024,Sep,Q3
ORD00472,2023-07-10,2023-07-12,China,India,Electronics,407,336.98,137150.86,12298.09,10255.06,44916.06,2,Air,B2B,2023,Jul,Q3
ORD00473,2023-08-23,2023-09-07,USA,Australia,Fashion,399,264.1,105375.9,9891.85,7822.3,30189.88,15,Air,B2B,2023,Aug,Q3
ORD00474,2023-02-12,2023-02-22,China,Singapore,Electronics,50,138.75,6937.5,538.68,277.6,2527.46,10,Sea,B2B,2023,Feb,Q1
ORD00475,2023-12-12,2023-12-24,China,UAE,Home,251,498.08,125018.08,14761.25,4569.75,53354.15,12,Road,Retail,2023,Dec,Q4
ORD00476,2022-03-02,2022-03-12,China,UK,Fashion,359,450.64,161779.76,14418.44,4087.8,60011.6,10,Sea,Retail,2022,Mar,Q1
ORD00477,2023-05-08,2023-05-19,India,Australia,Home,941,310.58,292255.78,20582.18,8155.79,89408.83,11,Sea,B2B,2023,May,Q2
ORD00478,2023-09-25,2023-10-08,USA,Singapore,Fashion,450,497.93,224068.5,26399.73,6432.81,38889.77,13,Sea,Retail,2023,Sep,Q3
ORD00479,2022-05-19,2022-05-29,USA,China,Fashion,335,422.97,141694.95,6106.64,3084.56,62278.85,10,Rail,Retail,2022,May,Q2
ORD00480,2023-09-14,2023-09-23,USA,Canada,Fashion,807,110.21,88939.47,3721.15,1918.59,21416.83,9,Road,Distributor,2023,Sep,Q3
ORD00481,2023-04-18,2023-04-29,India,UK,Electronics,377,58.15,21922.55,2196.3,614.82,4777.56,11,Rail,Distributor,2023,Apr,Q2
ORD00482,2024-02-05,2024-02-09,China,Japan,Beauty,150,98.62,14793.0,745.04,658.52,3172.74,4,Road,Retail,2024,Feb,Q1
ORD00483,2023-04-01,2023-04-14,USA,UK,Fashion,77,105.0,8085.0,937.24,374.8,2042.28,13,Road,Retail,2023,Apr,Q2
ORD00484,2023-05-21,2023-05-29,China,India,Sports,762,415.68,316748.16,30033.45,13825.75,56948.52,8,Air,Distributor,2023,May,Q2
ORD00485,2022-08-12,2022-08-21,China,India,Fashion,541,278.18,150495.38,17840.44,3364.34,51601.97,9,Air,B2B,2022,Aug,Q3
ORD00486,2023-08-20,2023-08-29,China,Canada,Home,482,99.91,48156.62,2720.74,3618.58,12586.91,9,Sea,Retail,2023,Aug,Q3
ORD00487,2024-07-14,2024-07-17,USA,Singapore,Electronics,194,393.79,76395.26,8740.06,4718.69,29277.37,3,Rail,Retail,2024,Jul,Q3
ORD00488,2024-07-12,2024-07-14,India,Japan,Sports,928,362.06,335991.68,16186.02,15886.02,144315.3,2,Sea,Distributor,2024,Jul,Q3
ORD00489,2022-09-11,2022-09-14,India,Japan,Home,97,271.43,26328.71,1699.99,1776.24,8279.54,3,Sea,Retail,2022,Sep,Q3
ORD00490,2024-02-19,2024-02-21,India,UAE,Sports,902,336.57,303586.14,13208.45,21897.4,130755.39,2,Air,Retail,2024,Feb,Q1
ORD00491,2023-09-23,2023-09-29,USA,Japan,Home,651,106.73,69481.23,7703.3,5393.55,28518.25,6,Road,B2B,2023,Sep,Q3
ORD00492,2024-07-28,2024-08-06,China,Singapore,Electronics,632,443.7,280418.4,14416.04,15516.04,98299.44,9,Rail,Retail,2024,Jul,Q3
ORD00493,2022-06-12,2022-06-23,USA,India,Fashion,913,282.72,258123.36,22141.55,13797.45,55029.93,11,Air,B2B,2022,Jun,Q2
ORD00494,2022-10-31,2022-11-02,USA,UAE,Electronics,158,429.84,67914.72,6114.34,4773.11,23780.81,2,Air,B2B,2022,Oct,Q4
ORD00495,2022-08-12,2022-08-20,India,Germany,Home,635,337.24,214147.4,19912.76,11636.12,60822.92,8,Rail,Distributor,2022,Aug,Q3
ORD00496,2024-01-08,2024-01-10,India,Canada,Home,387,450.81,174463.47,18113.47,11428.49,30998.1,2,Air,Retail,2024,Jan,Q1
ORD00497,2024-08-22,2024-08-26,India,Canada,Home,549,218.6,120011.4,5866.89,3905.54,60139.57,4,Air,Retail,2024,Aug,Q3
ORD00498,2023-08-12,2023-08-20,USA,UAE,Home,548,296.07,162246.36,13968.11,12270.1,41209.71,8,Rail,Distributor,2023,Aug,Q3
ORD00499,2024-10-16,2024-10-25,India,UK,Home,208,20.76,4318.08,138.86,248.41,2050.81,9,Sea,Distributor,2024,Oct,Q4
ORD00500,2024-04-29,2024-05-07,India,UAE,Home,583,406.9,237222.7,11650.11,13862.61,67714.59,8,Road,B2B,2024,Apr,Q2
ORD00501,2023-09-23,2023-09-29,USA,Singapore,Home,795,22.94,18237.3,1672.82,738.28,4567.97,6,Air,B2B,2023,Sep,Q3
ORD00502,2023-02-02,2023-02-09,China,Japan,Beauty,826,37.07,30619.82,1292.7,897.87,11950.11,7,Road,Retail,2023,Feb,Q1
ORD00503,2024-04-27,2024-05-10,India,Singapore,Home,588,367.98,216372.24,12635.11,11284.49,92385.08,13,Road,Retail,2024,Apr,Q2
ORD00504,2022-05-16,2022-05-20,China,India,Home,394,320.73,126367.62,13371.78,6856.57,40823.65,4,Air,Retail,2022,May,Q2
ORD00505,2023-10-07,2023-10-20,India,Canada,Beauty,98,258.59,25341.82,1302.26,1193.96,5480.93,13,Sea,Distributor,2023,Oct,Q4
ORD00506,2023-09-12,2023-09-16,India,UAE,Electronics,806,117.01,94310.06,3615.32,4749.42,25614.46,4,Sea,B2B,2023,Sep,Q3
ORD00507,2023-11-28,2023-12-07,USA,Singapore,Home,804,177.12,142404.48,14134.12,3687.58,25656.95,9,Sea,B2B,2023,Nov,Q4
ORD00508,2022-03-16,2022-03-25,China,Singapore,Electronics,14,169.27,2369.78,80.48,167.99,553.55,9,Road,Retail,2022,Mar,Q1
ORD00509,2022-04-05,2022-04-08,USA,Canada,Electronics,601,384.08,230832.08,20197.02,7522.99,96890.84,3,Road,Retail,2022,Apr,Q2
ORD00510,2024-12-26,2025-01-02,China,USA,Home,162,95.6,15487.2,624.16,1200.23,4867.82,7,Air,B2B,2024,Dec,Q4
ORD00511,2023-12-19,2023-12-29,China,Canada,Fashion,975,358.09,349137.75,19375.08,12111.42,170534.08,10,Road,Distributor,2023,Dec,Q4
ORD00512,2024-06-27,2024-06-29,India,China,Beauty,934,344.24,321520.16,12710.79,7468.27,131597.84,2,Sea,Distributor,2024,Jun,Q2
ORD00513,2024-07-02,2024-07-13,China,Canada,Home,847,115.11,97498.17,9579.8,6684.28,39937.41,11,Rail,Distributor,2024,Jul,Q3
ORD00514,2022-09-27,2022-09-30,USA,Japan,Electronics,476,168.99,80439.24,7078.47,5308.15,24521.82,3,Sea,B2B,2022,Sep,Q3
ORD00515,2023-06-13,2023-06-20,China,Germany,Home,817,433.18,353908.06,20961.44,17430.11,167013.3,7,Air,Retail,2023,Jun,Q2
ORD00516,2024-09-07,2024-09-16,India,Canada,Home,628,295.85,185793.8,14067.46,8238.31,49358.26,9,Air,Retail,2024,Sep,Q3
ORD00517,2022-05-26,2022-06-09,China,Singapore,Beauty,420,303.46,127453.2,6560.24,4412.62,59418.77,14,Rail,Retail,2022,May,Q2
ORD00518,2022-05-16,2022-05-23,India,Australia,Beauty,590,397.92,234772.8,18548.79,8022.01,67623.88,7,Air,Distributor,2022,May,Q2
ORD00519,2024-09-23,2024-09-26,USA,Japan,Home,578,66.87,38650.86,2708.24,1487.37,14289.62,3,Air,Distributor,2024,Sep,Q3
ORD00520,2024-02-16,2024-02-23,China,India,Electronics,232,412.18,95625.76,10504.83,7094.99,21526.43,7,Air,B2B,2024,Feb,Q1
ORD00521,2022-11-02,2022-11-11,USA,Canada,Beauty,640,297.41,190342.4,9062.2,11590.14,75474.51,9,Road,Retail,2022,Nov,Q4
ORD00522,2023-12-07,2023-12-10,USA,India,Sports,532,214.01,113853.32,4722.64,4286.7,46691.48,3,Air,B2B,2023,Dec,Q4
ORD00523,2024-01-06,2024-01-09,China,India,Fashion,452,357.07,161395.64,10568.86,6308.57,61425.78,3,Rail,Retail,2024,Jan,Q1
ORD00524,2023-03-09,2023-03-21,India,Japan,Fashion,202,286.6,57893.2,6130.86,2409.36,18949.17,12,Road,Distributor,2023,Mar,Q1
ORD00525,2022-09-15,2022-09-19,India,USA,Electronics,157,366.24,57499.68,4243.66,2656.72,10518.27,4,Air,B2B,2022,Sep,Q3
ORD00526,2024-05-01,2024-05-16,China,Australia,Sports,194,238.11,46193.34,3149.06,3196.78,16038.79,15,Sea,B2B,2024,May,Q2
ORD00527,2024-05-19,2024-05-30,India,Japan,Fashion,739,260.83,192753.37,12909.73,10171.59,71350.29,11,Air,Distributor,2024,May,Q2
ORD00528,2024-09-16,2024-09-29,China,USA,Sports,503,481.63,242259.89,9013.44,15458.88,82625.35,13,Road,Retail,2024,Sep,Q3
ORD00529,2024-11-24,2024-11-27,USA,China,Fashion,493,322.72,159100.96,14277.14,9565.63,38966.76,3,Road,Distributor,2024,Nov,Q4
ORD00530,2022-04-19,2022-04-26,USA,India,Beauty,474,266.08,126121.92,9109.9,8075.44,42558.0,7,Road,Retail,2022,Apr,Q2
ORD00531,2022-12-10,2022-12-12,USA,Canada,Sports,276,49.48,13656.48,991.25,411.67,6579.48,2,Road,Distributor,2022,Dec,Q4
ORD00532,2022-02-25,2022-03-03,China,USA,Fashion,527,56.89,29981.03,3014.25,1053.03,8382.66,6,Road,Retail,2022,Feb,Q1
ORD00533,2022-01-30,2022-02-12,India,Germany,Sports,766,92.55,70893.3,4976.62,4854.1,27148.94,13,Sea,Retail,2022,Jan,Q1
ORD00534,2023-01-06,2023-01-20,USA,India,Home,96,484.33,46495.68,3886.99,3222.31,9104.48,14,Rail,Retail,2023,Jan,Q1
ORD00535,2023-05-03,2023-05-15,China,Germany,Fashion,601,372.49,223866.49,13668.57,13104.17,56808.89,12,Air,B2B,2023,May,Q2
ORD00536,2022-12-10,2022-12-19,China,Japan,Home,497,378.15,187940.55,18365.27,9763.75,63221.32,9,Rail,Retail,2022,Dec,Q4
ORD00537,2023-06-22,2023-06-26,USA,Australia,Electronics,305,465.07,141846.35,9985.11,8611.44,25584.5,4,Air,B2B,2023,Jun,Q2
ORD00538,2024-12-24,2025-01-05,China,Australia,Sports,950,332.99,316340.5,17251.05,11457.72,84953.98,12,Road,Distributor,2024,Dec,Q4
ORD00539,2024-03-12,2024-03-21,USA,UK,Sports,798,113.56,90620.88,5470.47,5565.64,38445.16,9,Air,Distributor,2024,Mar,Q1
ORD00540,2022-01-18,2022-02-02,India,China,Beauty,110,272.13,29934.3,2744.82,1230.03,7472.77,15,Road,B2B,2022,Jan,Q1
ORD00541,2022-03-11,2022-03-13,USA,China,Electronics,971,305.19,296339.49,32732.78,9782.01,82002.47,2,Air,Distributor,2022,Mar,Q1
ORD00542,2022-09-03,2022-09-06,USA,Germany,Beauty,682,386.65,263695.3,23287.33,17981.91,102331.16,3,Air,Distributor,2022,Sep,Q3
ORD00543,2023-01-13,2023-01-19,China,Japan,Electronics,664,237.65,157799.6,18868.46,10440.27,32601.35,6,Road,Retail,2023,Jan,Q1
ORD00544,2022-11-28,2022-12-12,India,Canada,Electronics,401,206.52,82814.52,9907.62,2939.44,16648.14,14,Sea,Retail,2022,Nov,Q4
ORD00545,2022-05-23,2022-06-01,India,Australia,Fashion,670,256.19,171647.3,7372.0,11349.74,73021.0,9,Air,Retail,2022,May,Q2
ORD00546,2023-06-15,2023-06-18,India,USA,Electronics,595,369.22,219685.9,21957.9,4641.06,72411.19,3,Air,B2B,2023,Jun,Q2
ORD00547,2024-03-10,2024-03-16,India,UAE,Beauty,598,21.78,13024.44,1220.19,862.99,3863.23,6,Rail,Distributor,2024,Mar,Q1
ORD00548,2022-05-24,2022-06-03,India,China,Beauty,987,350.85,346288.95,34692.85,9444.07,108025.48,10,Road,Retail,2022,May,Q2
ORD00549,2023-09-13,2023-09-21,India,USA,Home,557,429.6,239287.2,14502.16,16862.78,57617.37,8,Road,Distributor,2023,Sep,Q3
ORD00550,2023-02-20,2023-02-24,USA,India,Beauty,686,111.68,76612.48,7096.57,5653.05,18723.93,4,Road,Retail,2023,Feb,Q1
ORD00551,2022-06-23,2022-07-05,China,UK,Fashion,46,112.68,5183.28,491.25,288.07,1569.9,12,Air,Distributor,2022,Jun,Q2
ORD00552,2023-09-23,2023-10-02,USA,Japan,Electronics,47,182.86,8594.42,519.06,543.69,3048.37,9,Sea,Distributor,2023,Sep,Q3
ORD00553,2024-12-07,2024-12-16,USA,Singapore,Fashion,768,298.09,228933.12,25922.88,5085.21,96627.36,9,Air,Retail,2024,Dec,Q4
ORD00554,2022-04-04,2022-04-09,USA,Germany,Electronics,186,323.68,60204.48,6707.96,4168.82,23488.68,5,Sea,Distributor,2022,Apr,Q2
ORD00555,2022-05-11,2022-05-26,India,USA,Beauty,619,403.6,249828.4,12454.33,17055.09,88443.7,15,Rail,Retail,2022,May,Q2
ORD00556,2022-09-05,2022-09-17,USA,Singapore,Fashion,339,421.49,142885.11,14485.57,9409.51,36413.07,12,Road,B2B,2022,Sep,Q3
ORD00557,2022-09-05,2022-09-11,India,Australia,Fashion,723,197.57,142843.11,6406.59,4945.04,49414.44,6,Sea,B2B,2022,Sep,Q3
ORD00558,2024-02-10,2024-02-24,India,China,Beauty,92,23.05,2120.6,97.86,53.75,706.12,14,Road,Retail,2024,Feb,Q1
ORD00559,2024-09-01,2024-09-14,India,UK,Fashion,665,150.06,99789.9,7038.95,3428.3,44181.22,13,Air,Distributor,2024,Sep,Q3
ORD00560,2023-01-04,2023-01-17,China,USA,Home,366,221.02,80893.32,6487.15,2549.29,15556.66,13,Air,Distributor,2023,Jan,Q1
ORD00561,2024-01-12,2024-01-27,USA,Singapore,Fashion,485,389.76,189033.6,16888.16,6915.91,78630.27,15,Sea,Distributor,2024,Jan,Q1
ORD00562,2024-08-29,2024-09-07,India,Germany,Electronics,65,329.53,21419.45,1192.12,987.01,8524.42,9,Rail,B2B,2024,Aug,Q3
ORD00563,2022-08-02,2022-08-15,India,Singapore,Fashion,171,397.04,67893.84,5000.76,1830.68,15673.76,13,Rail,Distributor,2022,Aug,Q3
ORD00564,2023-10-30,2023-11-07,India,UAE,Fashion,807,72.86,58798.02,2969.32,2012.49,23019.06,8,Sea,Retail,2023,Oct,Q4
ORD00565,2023-03-28,2023-03-31,China,Japan,Electronics,921,229.22,211111.62,10440.5,11941.74,93007.52,3,Road,B2B,2023,Mar,Q1
ORD00566,2024-07-26,2024-08-08,India,UAE,Home,217,181.23,39326.91,1293.4,2128.37,16863.79,13,Air,Retail,2024,Jul,Q3
ORD00567,2024-07-28,2024-08-05,India,UAE,Fashion,917,161.68,148260.56,6539.91,10033.37,30006.03,8,Sea,Distributor,2024,Jul,Q3
ORD00568,2023-04-16,2023-04-19,China,Singapore,Beauty,892,497.92,444144.64,36971.61,31187.54,161129.96,3,Rail,Distributor,2023,Apr,Q2
ORD00569,2023-05-21,2023-05-26,China,Australia,Sports,237,448.07,106192.59,8841.54,3073.02,33524.16,5,Air,Retail,2023,May,Q2
ORD00570,2022-04-01,2022-04-03,China,Singapore,Electronics,445,274.94,122348.3,8947.85,8305.13,26010.92,2,Rail,Retail,2022,Apr,Q2
ORD00571,2023-05-08,2023-05-11,USA,India,Beauty,982,124.64,122396.48,7619.98,4203.55,24933.91,3,Air,Retail,2023,May,Q2
ORD00572,2023-09-17,2023-09-21,USA,Japan,Sports,775,300.16,232624.0,27421.22,11125.39,91353.62,4,Rail,B2B,2023,Sep,Q3
ORD00573,2024-01-29,2024-02-10,China,India,Electronics,404,448.85,181335.4,10873.15,3982.64,70776.1,12,Road,Distributor,2024,Jan,Q1
ORD00574,2023-03-01,2023-03-15,USA,China,Sports,911,181.13,165009.43,18794.89,8396.37,26766.62,14,Road,B2B,2023,Mar,Q1
ORD00575,2022-08-16,2022-08-24,China,Japan,Sports,51,195.47,9968.97,456.32,533.61,4791.06,8,Sea,B2B,2022,Aug,Q3
ORD00576,2023-11-17,2023-11-22,USA,China,Beauty,765,470.79,360154.35,29608.56,27928.61,135887.98,5,Sea,Retail,2023,Nov,Q4
ORD00577,2023-12-24,2023-12-30,USA,Australia,Home,65,50.42,3277.3,200.15,161.16,1087.24,6,Air,Retail,2023,Dec,Q4
ORD00578,2024-12-25,2025-01-06,USA,Canada,Beauty,645,196.71,126877.95,11494.84,7814.84,19587.89,12,Air,B2B,2024,Dec,Q4
ORD00579,2024-07-26,2024-07-29,India,Australia,Fashion,305,479.96,146387.8,5405.41,4374.94,73132.62,3,Sea,Retail,2024,Jul,Q3
ORD00580,2022-11-05,2022-11-20,India,Singapore,Electronics,310,219.94,68181.4,6232.89,5175.19,19807.31,15,Rail,Retail,2022,Nov,Q4
ORD00581,2022-02-13,2022-02-19,India,USA,Electronics,902,404.95,365264.9,38405.88,18693.25,125254.55,6,Road,Distributor,2022,Feb,Q1
ORD00582,2023-10-31,2023-11-09,USA,Singapore,Sports,465,239.84,111525.6,9039.45,8241.4,39379.9,9,Road,B2B,2023,Oct,Q4
ORD00583,2024-09-18,2024-09-25,China,India,Fashion,371,156.5,58061.5,6738.57,3316.35,21981.27,7,Road,B2B,2024,Sep,Q3
ORD00584,2022-12-26,2023-01-10,USA,Germany,Fashion,253,76.12,19258.36,2300.21,1049.03,5658.54,15,Road,B2B,2022,Dec,Q4
ORD00585,2023-02-25,2023-03-07,USA,India,Home,362,91.01,32945.62,2318.01,2587.15,9587.85,10,Air,B2B,2023,Feb,Q1
ORD00586,2024-04-08,2024-04-17,India,Japan,Home,169,22.06,3728.14,359.63,292.79,1213.95,9,Road,Retail,2024,Apr,Q2
ORD00587,2023-08-17,2023-08-31,USA,Germany,Sports,756,455.3,344206.8,24022.02,21116.68,85834.69,14,Air,B2B,2023,Aug,Q3
ORD00588,2022-08-28,2022-09-03,India,Australia,Sports,871,125.78,109554.38,6810.49,4336.38,34598.07,6,Sea,Distributor,2022,Aug,Q3
ORD00589,2024-12-14,2024-12-19,China,UK,Electronics,95,278.44,26451.8,1854.04,1594.87,11728.79,5,Rail,B2B,2024,Dec,Q4
ORD00590,2024-10-01,2024-10-08,USA,Singapore,Electronics,940,340.05,319647.0,21026.45,20124.28,109629.27,7,Rail,Retail,2024,Oct,Q4
ORD00591,2022-01-25,2022-01-31,China,UAE,Home,466,439.66,204881.56,7761.71,13045.06,74818.4,6,Rail,Retail,2022,Jan,Q1
ORD00592,2023-08-15,2023-08-19,USA,Australia,Beauty,152,421.05,63999.6,5364.08,1831.56,25382.12,4,Road,B2B,2023,Aug,Q3
ORD00593,2024-02-09,2024-02-12,India,Australia,Home,434,103.95,45114.3,3229.77,2439.55,9017.12,3,Sea,B2B,2024,Feb,Q1
ORD00594,2024-02-21,2024-02-27,USA,Japan,Electronics,852,416.6,354943.2,37309.03,13571.2,102531.79,6,Rail,B2B,2024,Feb,Q1
ORD00595,2022-02-24,2022-03-10,India,Germany,Home,317,478.89,151808.13,15952.28,7340.3,38016.06,14,Road,Retail,2022,Feb,Q1
ORD00596,2023-01-03,2023-01-12,USA,UK,Electronics,132,387.06,51091.92,3799.94,3997.31,13678.35,9,Road,Distributor,2023,Jan,Q1
ORD00597,2024-09-11,2024-09-22,China,Canada,Beauty,720,412.77,297194.4,18898.06,19013.74,138840.55,11,Road,B2B,2024,Sep,Q3
ORD00598,2022-04-30,2022-05-04,China,Japan,Fashion,375,98.39,36896.25,2012.33,1666.63,8362.82,4,Road,B2B,2022,Apr,Q2
ORD00599,2023-08-17,2023-08-23,USA,China,Sports,208,387.89,80681.12,3751.05,2071.13,24369.62,6,Road,Retail,2023,Aug,Q3
ORD00600,2023-09-09,2023-09-15,USA,UAE,Electronics,557,298.42,166219.94,17303.22,3453.03,53136.62,6,Road,Retail,2023,Sep,Q3
ORD00601,2024-04-23,2024-04-30,India,USA,Fashion,168,261.62,43952.16,4608.02,2975.84,11421.2,7,Air,Retail,2024,Apr,Q2
ORD00602,2024-08-01,2024-08-04,India,Germany,Electronics,501,187.14,93757.14,8643.9,2657.16,32522.77,3,Road,B2B,2024,Aug,Q3
ORD00603,2023-09-16,2023-09-18,USA,China,Fashion,141,431.27,60809.07,2603.38,2042.85,29552.59,2,Sea,B2B,2023,Sep,Q3
ORD00604,2024-05-20,2024-06-02,India,USA,Electronics,803,252.44,202709.32,13948.89,6442.32,99240.17,13,Air,Retail,2024,May,Q2
ORD00605,2022-09-01,2022-09-07,India,USA,Home,693,24.93,17276.49,668.35,473.85,6104.64,6,Sea,B2B,2022,Sep,Q3
ORD00606,2023-12-21,2023-12-23,India,Germany,Home,981,298.28,292612.68,18053.7,20865.71,68106.42,2,Sea,Distributor,2023,Dec,Q4
ORD00607,2022-05-20,2022-05-23,USA,India,Sports,232,363.59,84352.88,9851.04,2556.43,19123.18,3,Air,Distributor,2022,May,Q2
ORD00608,2022-07-22,2022-07-27,USA,Japan,Home,724,302.9,219299.6,15256.66,16988.01,87437.09,5,Road,Retail,2022,Jul,Q3
ORD00609,2024-05-18,2024-05-23,USA,UK,Beauty,125,385.48,48185.0,2808.47,2310.67,16278.94,5,Rail,Retail,2024,May,Q2
ORD00610,2023-08-14,2023-08-24,USA,India,Electronics,345,256.98,88658.1,5730.0,4203.88,23680.63,10,Rail,B2B,2023,Aug,Q3
ORD00611,2024-04-14,2024-04-20,China,UK,Electronics,926,423.71,392355.46,28567.76,23834.76,161906.28,6,Rail,Distributor,2024,Apr,Q2
ORD00612,2022-08-04,2022-08-12,China,Singapore,Electronics,132,88.82,11724.24,774.46,649.91,5252.39,8,Sea,B2B,2022,Aug,Q3
ORD00613,2024-01-15,2024-01-20,China,UK,Sports,874,495.52,433084.48,17777.51,30440.01,117411.24,5,Road,Distributor,2024,Jan,Q1
ORD00614,2023-07-14,2023-07-28,USA,Australia,Home,497,340.0,168980.0,19519.3,13391.9,42551.15,14,Sea,Retail,2023,Jul,Q3
ORD00615,2022-08-10,2022-08-13,China,Japan,Beauty,246,321.62,79118.52,3332.06,2055.2,40829.37,3,Air,Retail,2022,Aug,Q3
ORD00616,2022-02-24,2022-02-28,China,UAE,Fashion,320,318.54,101932.8,3941.74,2506.63,31727.2,4,Rail,Retail,2022,Feb,Q1
ORD00617,2023-02-18,2023-02-24,USA,Japan,Beauty,526,145.6,76585.6,4666.01,5482.02,23244.36,6,Air,Retail,2023,Feb,Q1
ORD00618,2022-09-01,2022-09-09,China,UAE,Beauty,463,240.63,111411.69,3671.84,5949.38,28469.52,8,Road,Distributor,2022,Sep,Q3
ORD00619,2022-12-03,2022-12-12,China,Germany,Home,742,206.76,153415.92,15151.51,8304.61,46015.81,9,Rail,Retail,2022,Dec,Q4
ORD00620,2022-11-17,2022-11-27,India,Australia,Home,516,303.7,156709.2,10029.67,9494.9,38467.04,10,Road,Retail,2022,Nov,Q4
ORD00621,2022-05-06,2022-05-08,USA,India,Fashion,867,195.88,169827.96,17468.47,9346.99,36095.91,2,Road,Retail,2022,May,Q2
ORD00622,2022-07-19,2022-07-27,China,UAE,Beauty,369,47.1,17379.9,903.42,592.26,7304.98,8,Air,Distributor,2022,Jul,Q3
ORD00623,2022-05-15,2022-05-30,China,USA,Home,183,29.46,5391.18,319.97,256.91,1261.46,15,Rail,Retail,2022,May,Q2
ORD00624,2022-02-11,2022-02-24,China,India,Home,396,293.77,116332.92,6865.73,3008.78,42881.59,13,Sea,Retail,2022,Feb,Q1
ORD00625,2024-10-14,2024-10-24,USA,UAE,Fashion,639,163.77,104649.03,12269.94,3359.81,27210.08,10,Air,Distributor,2024,Oct,Q4
ORD00626,2023-03-15,2023-03-21,China,India,Home,597,212.97,127143.09,6399.08,8210.05,58169.18,6,Air,Distributor,2023,Mar,Q1
ORD00627,2023-11-21,2023-11-27,India,Singapore,Beauty,447,120.67,53939.49,5480.72,3187.4,18811.13,6,Road,Retail,2023,Nov,Q4
ORD00628,2023-10-04,2023-10-09,China,Australia,Home,649,267.38,173529.62,15694.09,9171.69,33393.5,5,Sea,Distributor,2023,Oct,Q4
ORD00629,2024-10-19,2024-10-24,USA,Japan,Home,969,326.2,316087.8,32495.09,22494.86,48670.81,5,Air,Distributor,2024,Oct,Q4
ORD00630,2023-02-15,2023-02-22,China,Germany,Fashion,164,378.29,62039.56,6135.57,4382.93,19069.53,7,Air,Distributor,2023,Feb,Q1
ORD00631,2023-02-21,2023-03-08,China,Canada,Home,671,97.08,65140.68,5981.02,2225.71,26217.19,15,Sea,B2B,2023,Feb,Q1
ORD00632,2022-02-26,2022-03-03,China,Japan,Beauty,583,495.82,289063.06,19651.0,21488.76,114781.68,5,Road,B2B,2022,Feb,Q1
ORD00633,2022-03-01,2022-03-07,China,Singapore,Fashion,669,429.21,287141.49,33521.13,14113.15,122935.63,6,Air,Retail,2022,Mar,Q1
ORD00634,2023-09-03,2023-09-18,India,Australia,Home,697,335.57,233892.29,8917.74,17913.75,62686.03,15,Sea,B2B,2023,Sep,Q3
ORD00635,2022-08-18,2022-08-29,USA,Singapore,Electronics,544,338.82,184318.08,15157.91,12258.43,54130.03,11,Rail,B2B,2022,Aug,Q3
ORD00636,2023-05-03,2023-05-14,India,UAE,Home,862,300.48,259013.76,16860.65,16810.63,103403.61,11,Rail,B2B,2023,May,Q2
ORD00637,2022-10-23,2022-10-26,India,UK,Home,460,216.02,99369.2,10698.19,2320.82,30699.36,3,Air,Retail,2022,Oct,Q4
ORD00638,2024-05-17,2024-05-26,USA,UK,Home,910,396.45,360769.5,15528.25,17502.12,143630.59,9,Road,B2B,2024,May,Q2
ORD00639,2022-03-13,2022-03-28,USA,India,Fashion,269,285.31,76748.39,4438.68,5948.69,27307.1,15,Air,Distributor,2022,Mar,Q1
ORD00640,2023-04-30,2023-05-15,China,Australia,Electronics,941,481.16,452771.56,51378.55,33992.1,145422.21,15,Sea,Retail,2023,Apr,Q2
ORD00641,2023-03-07,2023-03-22,India,Japan,Home,910,409.88,372990.8,32822.69,25124.3,135183.56,15,Air,Retail,2023,Mar,Q1
ORD00642,2024-08-22,2024-09-04,China,UAE,Beauty,907,460.9,418036.3,16318.3,12382.49,189392.5,13,Air,Retail,2024,Aug,Q3
ORD00643,2024-05-11,2024-05-22,USA,Singapore,Home,474,353.7,167653.8,16526.94,9804.79,65019.16,11,Rail,Distributor,2024,May,Q2
ORD00644,2022-10-06,2022-10-08,China,UK,Home,331,296.39,98105.09,3921.71,3431.34,30508.73,2,Sea,Distributor,2022,Oct,Q4
ORD00645,2024-04-20,2024-05-04,China,Japan,Beauty,904,372.88,337083.52,18020.89,20645.7,79976.5,14,Road,B2B,2024,Apr,Q2
ORD00646,2022-06-22,2022-06-30,China,Germany,Beauty,907,201.11,182406.77,19174.8,9890.72,79243.9,8,Air,Distributor,2022,Jun,Q2
ORD00647,2023-04-14,2023-04-17,China,UK,Home,728,428.88,312224.64,10765.65,17821.86,102510.05,3,Sea,B2B,2023,Apr,Q2
ORD00648,2024-01-24,2024-01-28,USA,China,Electronics,745,272.4,202938.0,20213.1,15361.82,35823.29,4,Rail,B2B,2024,Jan,Q1
ORD00649,2023-04-05,2023-04-18,India,UK,Home,304,378.29,115000.16,7404.47,5276.04,49191.67,13,Sea,Retail,2023,Apr,Q2
ORD00650,2023-01-23,2023-01-31,India,Australia,Fashion,39,159.29,6212.31,332.74,354.48,1349.18,8,Road,Distributor,2023,Jan,Q1
ORD00651,2024-07-27,2024-07-30,India,Japan,Fashion,902,175.16,157994.32,14594.27,9671.01,36720.4,3,Rail,Distributor,2024,Jul,Q3
ORD00652,2023-06-09,2023-06-12,India,Singapore,Electronics,63,179.77,11325.51,579.14,843.68,1985.91,3,Air,B2B,2023,Jun,Q2
ORD00653,2023-06-04,2023-06-14,USA,Australia,Home,414,342.21,141674.94,5936.38,10417.86,66902.81,10,Sea,Retail,2023,Jun,Q2
ORD00654,2022-12-14,2022-12-24,China,UAE,Beauty,145,63.03,9139.35,858.4,420.19,3491.04,10,Road,B2B,2022,Dec,Q4
ORD00655,2022-09-19,2022-09-28,China,UAE,Beauty,299,453.34,135548.66,7277.54,9457.96,26909.13,9,Road,Retail,2022,Sep,Q3
ORD00656,2022-12-04,2022-12-11,USA,Japan,Fashion,579,429.46,248657.34,22172.22,16882.15,106169.81,7,Sea,B2B,2022,Dec,Q4
ORD00657,2023-04-16,2023-04-20,India,Japan,Home,177,358.86,63518.22,4400.46,5063.17,10978.95,4,Air,Retail,2023,Apr,Q2
ORD00658,2024-01-01,2024-01-14,USA,Japan,Beauty,514,74.0,38036.0,3605.0,1098.6,14128.74,13,Sea,Retail,2024,Jan,Q1
ORD00659,2023-01-05,2023-01-20,India,Singapore,Home,586,447.63,262311.18,21696.01,14430.48,44799.6,15,Sea,Retail,2023,Jan,Q1
ORD00660,2022-06-07,2022-06-12,China,USA,Home,36,156.46,5632.56,666.45,153.88,1927.98,5,Air,Retail,2022,Jun,Q2
ORD00661,2022-11-11,2022-11-13,India,Japan,Beauty,474,321.61,152443.14,8268.31,9067.38,59064.53,2,Air,Distributor,2022,Nov,Q4
ORD00662,2024-07-16,2024-07-23,USA,Germany,Fashion,893,43.37,38729.41,3405.4,1525.56,17661.43,7,Air,Distributor,2024,Jul,Q3
ORD00663,2024-02-21,2024-02-24,China,Canada,Fashion,255,483.22,123221.1,13295.11,3123.81,26005.64,3,Sea,Retail,2024,Feb,Q1
ORD00664,2024-04-04,2024-04-10,USA,Germany,Electronics,315,255.61,80517.15,5548.62,5505.86,29765.27,6,Sea,Retail,2024,Apr,Q2
ORD00665,2022-07-16,2022-07-31,China,Singapore,Fashion,511,233.81,119476.91,7757.4,4314.16,38096.53,15,Air,Retail,2022,Jul,Q3
ORD00666,2024-01-25,2024-02-05,India,Australia,Beauty,105,39.41,4138.05,251.42,197.85,1755.2,11,Sea,Retail,2024,Jan,Q1
ORD00667,2024-12-15,2024-12-27,USA,Singapore,Electronics,307,244.75,75138.25,2789.62,5116.36,30405.66,12,Sea,Distributor,2024,Dec,Q4
ORD00668,2023-09-08,2023-09-23,India,Singapore,Beauty,312,292.9,91384.8,7273.27,6857.34,26624.79,15,Rail,Retail,2023,Sep,Q3
ORD00669,2022-07-13,2022-07-22,USA,Canada,Home,270,301.07,81288.9,8062.09,1705.13,20947.4,9,Rail,B2B,2022,Jul,Q3
ORD00670,2023-01-09,2023-01-24,China,India,Electronics,436,440.84,192206.24,10915.06,10616.03,67556.61,15,Rail,Distributor,2023,Jan,Q1
ORD00671,2023-06-27,2023-07-04,India,UK,Fashion,90,378.57,34071.3,2874.42,2463.25,14018.26,7,Air,B2B,2023,Jun,Q2
ORD00672,2024-03-19,2024-03-22,India,Germany,Beauty,481,352.07,169345.67,18321.55,13200.19,39507.55,3,Rail,Retail,2024,Mar,Q1
ORD00673,2024-01-09,2024-01-22,USA,Australia,Home,99,80.04,7923.96,247.61,211.69,4257.31,13,Sea,B2B,2024,Jan,Q1
ORD00674,2023-03-05,2023-03-14,USA,Germany,Fashion,456,424.2,193435.2,20743.42,10119.55,80202.09,9,Rail,B2B,2023,Mar,Q1
ORD00675,2024-08-28,2024-09-05,India,USA,Fashion,934,93.16,87011.44,8112.41,6772.28,25014.69,8,Rail,Distributor,2024,Aug,Q3
ORD00676,2023-05-12,2023-05-17,China,Australia,Electronics,351,23.78,8346.78,723.97,524.06,1307.37,5,Rail,Distributor,2023,May,Q2
ORD00677,2023-08-19,2023-08-21,China,Australia,Beauty,535,303.7,162479.5,13816.38,9865.77,33996.97,2,Rail,B2B,2023,Aug,Q3
ORD00678,2022-05-05,2022-05-15,India,Australia,Sports,333,285.56,95091.48,5145.06,5600.7,20944.22,10,Air,Retail,2022,May,Q2
ORD00679,2023-12-12,2023-12-21,USA,Australia,Electronics,175,158.25,27693.75,1309.86,1125.22,12252.83,9,Sea,Distributor,2023,Dec,Q4
ORD00680,2023-11-26,2023-12-07,USA,Japan,Fashion,914,160.83,146998.62,13821.5,11405.36,26233.8,11,Road,Retail,2023,Nov,Q4
ORD00681,2022-11-28,2022-12-09,India,Canada,Electronics,693,251.79,174490.47,7956.1,5126.33,65847.34,11,Rail,Retail,2022,Nov,Q4
ORD00682,2023-09-14,2023-09-19,India,Singapore,Electronics,28,192.22,5382.16,287.8,326.24,2333.15,5,Air,B2B,2023,Sep,Q3
ORD00683,2023-11-23,2023-12-01,India,UK,Electronics,585,127.57,74628.45,3970.53,3016.44,29836.77,8,Air,Distributor,2023,Nov,Q4
ORD00684,2023-07-02,2023-07-06,USA,Singapore,Sports,695,69.99,48643.05,1680.03,3734.62,12111.63,4,Air,B2B,2023,Jul,Q3
ORD00685,2022-07-28,2022-08-12,USA,India,Sports,117,100.18,11721.06,476.17,378.86,4905.97,15,Road,Distributor,2022,Jul,Q3
ORD00686,2024-06-23,2024-07-07,USA,Japan,Electronics,167,330.6,55210.2,3318.94,1560.59,14191.26,14,Rail,Retail,2024,Jun,Q2
ORD00687,2022-01-14,2022-01-19,China,UAE,Home,527,102.21,53864.67,2905.54,3388.73,19318.24,5,Sea,B2B,2022,Jan,Q1
ORD00688,2024-12-20,2024-12-28,India,Germany,Beauty,433,460.65,199461.45,22105.49,15380.56,51304.9,8,Road,B2B,2024,Dec,Q4
ORD00689,2024-06-25,2024-06-29,India,Singapore,Electronics,96,182.39,17509.44,1158.22,1161.62,5905.72,4,Rail,B2B,2024,Jun,Q2
ORD00690,2022-11-06,2022-11-17,India,Singapore,Home,439,212.96,93489.44,8533.56,4975.19,34049.62,11,Road,Retail,2022,Nov,Q4
ORD00691,2022-01-17,2022-02-01,China,Singapore,Sports,952,90.49,86146.48,5716.2,5051.01,17982.12,15,Rail,Distributor,2022,Jan,Q1
ORD00692,2023-12-09,2023-12-23,USA,Australia,Fashion,912,164.74,150242.88,5007.19,6020.17,46436.09,14,Sea,Distributor,2023,Dec,Q4
ORD00693,2023-08-05,2023-08-10,India,Singapore,Sports,329,270.24,88908.96,8725.01,2631.85,41244.58,5,Road,B2B,2023,Aug,Q3
ORD00694,2023-09-15,2023-09-28,China,Singapore,Electronics,759,48.77,37016.43,2353.06,2132.86,13787.54,13,Air,Distributor,2023,Sep,Q3
ORD00695,2022-09-13,2022-09-22,China,India,Beauty,357,491.82,175579.74,17994.27,13930.5,43630.85,9,Sea,Retail,2022,Sep,Q3
ORD00696,2023-09-05,2023-09-11,USA,Germany,Beauty,542,374.01,202713.42,8001.18,10335.77,91581.04,6,Road,Retail,2023,Sep,Q3
ORD00697,2022-07-20,2022-07-24,USA,Australia,Beauty,93,64.28,5978.04,407.94,166.21,2627.48,4,Air,Retail,2022,Jul,Q3
ORD00698,2024-12-13,2024-12-21,USA,Singapore,Sports,807,209.5,169066.5,9084.35,8441.43,62438.17,8,Rail,Distributor,2024,Dec,Q4
ORD00699,2024-09-29,2024-10-12,China,Germany,Fashion,527,81.02,42697.54,4013.72,1185.42,11394.94,13,Air,Distributor,2024,Sep,Q3
ORD00700,2023-03-12,2023-03-21,China,India,Fashion,976,288.33,281410.08,31786.05,7633.52,57471.23,9,Air,B2B,2023,Mar,Q1
ORD00701,2024-01-27,2024-02-07,China,India,Sports,166,76.52,12702.32,729.66,539.44,5232.02,11,Air,B2B,2024,Jan,Q1
ORD00702,2022-10-19,2022-11-02,USA,Australia,Electronics,969,449.24,435313.56,47891.09,14337.0,91987.17,14,Rail,B2B,2022,Oct,Q4
ORD00703,2022-09-08,2022-09-18,China,USA,Electronics,437,250.96,109669.52,6346.92,5170.09,43170.03,10,Rail,Retail,2022,Sep,Q3
ORD00704,2022-09-29,2022-10-13,India,Singapore,Beauty,789,235.97,186180.33,13110.21,13401.4,67031.93,14,Rail,Retail,2022,Sep,Q3
ORD00705,2023-04-22,2023-04-30,China,Singapore,Electronics,991,341.81,338733.71,23670.26,12412.05,158161.5,8,Sea,Distributor,2023,Apr,Q2
ORD00706,2022-02-20,2022-03-03,USA,Canada,Sports,670,79.42,53211.4,4275.1,1678.59,16096.52,11,Air,Distributor,2022,Feb,Q1
ORD00707,2024-12-04,2024-12-09,China,Singapore,Electronics,133,335.96,44682.68,3479.32,3473.75,16170.72,5,Sea,B2B,2024,Dec,Q4
ORD00708,2024-06-28,2024-07-01,USA,UAE,Beauty,613,41.59,25494.67,2742.66,545.48,8666.18,3,Rail,B2B,2024,Jun,Q2
ORD00709,2024-12-17,2024-12-24,China,Canada,Electronics,127,490.3,62268.1,4904.24,2311.46,26732.83,7,Air,B2B,2024,Dec,Q4
ORD00710,2023-09-21,2023-09-29,USA,Germany,Electronics,639,481.34,307576.26,14250.38,19315.19,123480.62,8,Air,Retail,2023,Sep,Q3
ORD00711,2022-10-19,2022-10-27,China,Canada,Beauty,974,417.32,406469.68,16619.31,13069.45,122477.18,8,Sea,Retail,2022,Oct,Q4
ORD00712,2024-11-07,2024-11-21,USA,Australia,Electronics,285,49.1,13993.5,1005.21,621.66,4736.65,14,Rail,Distributor,2024,Nov,Q4
ORD00713,2023-04-24,2023-04-26,China,Singapore,Sports,701,68.72,48172.72,4753.11,2846.67,19489.12,2,Rail,Retail,2023,Apr,Q2
ORD00714,2022-06-21,2022-07-06,USA,Singapore,Fashion,811,484.6,393010.6,24994.48,31094.42,87514.38,15,Rail,Distributor,2022,Jun,Q2
ORD00715,2024-07-14,2024-07-16,India,Japan,Sports,306,333.47,102041.82,4598.45,2409.26,25998.41,2,Road,Distributor,2024,Jul,Q3
ORD00716,2023-05-29,2023-06-13,USA,Australia,Home,872,323.46,282057.12,23316.06,14277.65,127791.77,15,Air,Retail,2023,May,Q2
ORD00717,2022-07-03,2022-07-11,USA,China,Fashion,752,287.11,215906.72,11907.52,9913.95,68182.79,8,Road,Distributor,2022,Jul,Q3
ORD00718,2023-12-03,2023-12-15,China,Japan,Home,261,337.89,88189.29,5198.53,2878.27,19464.91,12,Road,B2B,2023,Dec,Q4
ORD00719,2022-10-01,2022-10-13,India,Japan,Electronics,933,24.6,22951.8,1047.02,1224.42,6703.93,12,Rail,Retail,2022,Oct,Q4
ORD00720,2022-06-16,2022-06-30,USA,China,Sports,41,448.43,18385.63,1901.9,858.8,7589.96,14,Rail,Distributor,2022,Jun,Q2
ORD00721,2024-01-04,2024-01-12,India,China,Electronics,483,197.83,95551.89,4526.21,1964.72,29537.55,8,Road,Distributor,2024,Jan,Q1
ORD00722,2024-01-03,2024-01-08,India,Canada,Fashion,249,490.46,122124.54,14295.49,2712.11,38210.84,5,Sea,B2B,2024,Jan,Q1
ORD00723,2023-02-06,2023-02-21,USA,Australia,Electronics,900,153.13,137817.0,10340.31,4166.02,60172.42,15,Sea,B2B,2023,Feb,Q1
ORD00724,2022-09-20,2022-10-03,India,Germany,Home,965,293.55,283275.75,14310.2,14556.07,74621.21,13,Sea,Distributor,2022,Sep,Q3
ORD00725,2022-02-17,2022-03-02,USA,Singapore,Sports,268,346.73,92923.64,10173.2,1869.37,31804.9,13,Air,Retail,2022,Feb,Q1
ORD00726,2024-06-04,2024-06-19,China,Canada,Electronics,706,268.78,189758.68,14156.32,9684.41,87540.14,15,Sea,B2B,2024,Jun,Q2
ORD00727,2023-07-24,2023-08-01,USA,Japan,Home,15,208.09,3121.35,187.67,227.25,701.58,8,Sea,Distributor,2023,Jul,Q3
ORD00728,2024-05-17,2024-05-20,India,UK,Fashion,347,169.19,58708.93,5068.9,1514.9,20188.06,3,Air,Distributor,2024,May,Q2
ORD00729,2023-11-16,2023-12-01,China,UK,Electronics,494,134.41,66398.54,4028.54,1544.83,27620.82,15,Sea,B2B,2023,Nov,Q4
ORD00730,2024-06-17,2024-07-01,India,Japan,Sports,137,61.06,8365.22,296.65,184.04,3752.25,14,Air,B2B,2024,Jun,Q2
ORD00731,2022-05-07,2022-05-21,China,India,Home,635,320.57,203561.95,7312.17,12346.82,68325.08,14,Road,Retail,2022,May,Q2
ORD00732,2024-04-02,2024-04-05,USA,Australia,Fashion,895,307.8,275481.0,24621.16,5684.93,103253.71,3,Rail,Distributor,2024,Apr,Q2
ORD00733,2022-07-27,2022-08-03,USA,India,Beauty,539,177.53,95688.67,4528.31,2503.35,33296.09,7,Air,Distributor,2022,Jul,Q3
ORD00734,2023-02-01,2023-02-12,India,Singapore,Home,373,222.08,82835.84,7887.3,3866.57,31905.11,11,Air,B2B,2023,Feb,Q1
ORD00735,2022-09-19,2022-09-25,USA,Australia,Sports,992,332.82,330157.44,20534.78,18165.25,105795.65,6,Sea,B2B,2022,Sep,Q3
ORD00736,2024-08-19,2024-08-25,USA,UAE,Home,387,485.73,187977.51,14397.43,11177.26,79057.33,6,Sea,Distributor,2024,Aug,Q3
ORD00737,2022-04-22,2022-04-30,China,UK,Fashion,665,456.08,303293.2,30533.66,12281.29,78393.74,8,Rail,Distributor,2022,Apr,Q2
ORD00738,2023-11-10,2023-11-25,USA,UAE,Sports,316,220.97,69826.52,3114.63,3299.87,18949.47,15,Air,Retail,2023,Nov,Q4
ORD00739,2023-03-26,2023-03-28,USA,UK,Fashion,487,319.48,155586.76,8014.54,9969.25,30905.23,2,Road,Distributor,2023,Mar,Q1
ORD00740,2024-02-09,2024-02-14,China,Germany,Electronics,381,24.75,9429.75,586.62,502.43,4165.96,5,Rail,B2B,2024,Feb,Q1
ORD00741,2024-01-08,2024-01-10,India,UK,Fashion,300,103.59,31077.0,3408.66,1961.9,10107.49,2,Sea,B2B,2024,Jan,Q1
ORD00742,2023-02-06,2023-02-08,India,Canada,Electronics,31,419.09,12991.79,550.23,770.31,3025.17,2,Road,B2B,2023,Feb,Q1
ORD00743,2023-09-17,2023-09-26,India,UAE,Home,686,102.25,70143.5,5430.75,4765.65,18775.59,9,Rail,Distributor,2023,Sep,Q3
ORD00744,2022-05-14,2022-05-17,India,Germany,Fashion,206,275.63,56779.78,5251.67,2218.79,19280.65,3,Sea,B2B,2022,May,Q2
ORD00745,2023-01-23,2023-02-07,USA,Canada,Fashion,345,138.64,47830.8,4144.6,1760.38,20978.92,15,Rail,B2B,2023,Jan,Q1
ORD00746,2022-06-16,2022-06-30,China,USA,Fashion,530,206.3,109339.0,11963.65,7114.49,34248.7,14,Rail,B2B,2022,Jun,Q2
ORD00747,2023-10-22,2023-11-04,China,Singapore,Beauty,742,478.76,355239.92,25804.0,19492.44,99843.34,13,Air,B2B,2023,Oct,Q4
ORD00748,2023-03-26,2023-03-31,China,UK,Beauty,233,166.88,38883.04,4276.5,2110.66,6030.15,5,Road,Retail,2023,Mar,Q1
ORD00749,2022-06-23,2022-06-27,India,Canada,Beauty,541,188.76,102119.16,8430.61,4893.06,28919.17,4,Rail,Retail,2022,Jun,Q2
ORD00750,2024-08-15,2024-08-23,China,UAE,Beauty,334,151.05,50450.7,1625.76,2346.02,22278.35,8,Air,Retail,2024,Aug,Q3
ORD00751,2022-06-18,2022-06-24,USA,Singapore,Sports,669,57.52,38480.88,2111.76,1295.44,18312.32,6,Road,B2B,2022,Jun,Q2
ORD00752,2023-02-15,2023-02-22,India,UAE,Home,319,377.7,120486.3,11947.84,8521.62,44931.38,7,Sea,Distributor,2023,Feb,Q1
ORD00753,2023-06-19,2023-06-21,China,Canada,Home,811,498.48,404267.28,46540.6,28020.44,76092.47,2,Air,Retail,2023,Jun,Q2
ORD00754,2024-11-15,2024-11-29,India,Australia,Fashion,242,367.2,88862.4,4344.37,3023.4,30300.9,14,Rail,Distributor,2024,Nov,Q4
ORD00755,2024-08-02,2024-08-09,India,UAE,Fashion,449,389.66,174957.34,16238.62,5699.25,59418.77,7,Air,Retail,2024,Aug,Q3
ORD00756,2022-10-12,2022-10-23,India,Canada,Electronics,521,408.99,213083.79,22392.31,8606.31,70057.6,11,Rail,Distributor,2022,Oct,Q4
ORD00757,2023-09-06,2023-09-13,USA,India,Sports,814,35.46,28864.44,1227.38,2269.74,5211.94,7,Rail,Retail,2023,Sep,Q3
ORD00758,2023-02-23,2023-03-03,India,Singapore,Beauty,202,247.89,50073.78,2984.18,3891.55,13569.34,8,Road,B2B,2023,Feb,Q1
ORD00759,2022-12-18,2022-12-21,USA,Singapore,Fashion,42,416.71,17501.82,1475.45,378.22,7602.57,3,Rail,Retail,2022,Dec,Q4
ORD00760,2023-02-26,2023-03-03,China,Singapore,Electronics,475,47.58,22600.5,1732.73,685.01,5313.62,5,Rail,Retail,2023,Feb,Q1
ORD00761,2022-11-18,2022-11-21,India,Singapore,Beauty,499,376.71,187978.29,12220.35,13950.86,74971.65,3,Sea,Retail,2022,Nov,Q4
ORD00762,2024-06-04,2024-06-19,USA,Japan,Fashion,628,296.04,185913.12,10769.62,5982.38,54818.67,15,Rail,Retail,2024,Jun,Q2
ORD00763,2023-02-18,2023-02-20,India,Japan,Electronics,854,211.63,180732.02,18557.73,9316.99,31208.25,2,Rail,Retail,2023,Feb,Q1
ORD00764,2024-08-05,2024-08-16,India,USA,Home,671,442.88,297172.48,21119.33,18430.34,75309.16,11,Road,Retail,2024,Aug,Q3
ORD00765,2022-12-25,2023-01-02,India,Germany,Sports,760,227.4,172824.0,11167.86,10290.77,46019.36,8,Air,Retail,2022,Dec,Q4
ORD00766,2022-03-31,2022-04-05,India,Canada,Sports,308,340.0,104720.0,3770.65,6659.38,24057.36,5,Rail,Retail,2022,Mar,Q1
ORD00767,2022-09-06,2022-09-13,India,USA,Sports,794,394.17,312970.98,20940.46,9354.81,138016.88,7,Air,Retail,2022,Sep,Q3
ORD00768,2022-02-24,2022-02-27,USA,Japan,Beauty,361,378.06,136479.66,14606.0,5977.87,60864.3,3,Air,Distributor,2022,Feb,Q1
ORD00769,2022-10-07,2022-10-14,USA,Japan,Beauty,482,52.75,25425.5,2017.73,878.14,5113.02,7,Sea,Retail,2022,Oct,Q4
ORD00770,2023-07-26,2023-08-10,India,Germany,Electronics,631,68.25,43065.75,2432.05,2242.83,16114.9,15,Air,Distributor,2023,Jul,Q3
ORD00771,2022-01-23,2022-02-04,China,Germany,Beauty,376,105.41,39634.16,3737.39,2915.54,10798.4,12,Rail,Distributor,2022,Jan,Q1
ORD00772,2022-04-08,2022-04-23,USA,Singapore,Electronics,409,351.37,143710.33,10053.8,8032.3,66042.01,15,Rail,B2B,2022,Apr,Q2
ORD00773,2023-05-27,2023-06-03,India,UK,Electronics,26,222.41,5782.66,688.35,232.62,2215.28,7,Air,B2B,2023,May,Q2
ORD00774,2022-07-17,2022-07-31,USA,Germany,Fashion,55,219.53,12074.15,479.24,478.48,4250.87,14,Sea,Distributor,2022,Jul,Q3
ORD00775,2023-03-01,2023-03-11,China,Australia,Electronics,247,122.61,30284.67,1880.43,921.18,11715.59,10,Road,B2B,2023,Mar,Q1
ORD00776,2024-03-08,2024-03-13,China,UK,Electronics,683,411.24,280876.92,24856.22,11835.82,126160.57,5,Sea,Retail,2024,Mar,Q1
ORD00777,2023-09-10,2023-09-24,USA,Japan,Electronics,739,277.37,204976.43,24422.49,14559.05,73460.8,14,Air,Distributor,2023,Sep,Q3
ORD00778,2023-10-27,2023-11-08,USA,Australia,Fashion,350,104.16,36456.0,3592.9,2233.2,5351.07,12,Rail,B2B,2023,Oct,Q4
ORD00779,2023-11-18,2023-11-20,USA,Japan,Beauty,533,327.48,174546.84,8887.63,9643.38,34441.47,2,Sea,B2B,2023,Nov,Q4
ORD00780,2022-09-12,2022-09-18,India,Australia,Fashion,644,58.11,37422.84,1585.98,1868.28,16731.49,6,Rail,B2B,2022,Sep,Q3
ORD00781,2022-03-19,2022-03-24,USA,Japan,Home,147,153.5,22564.5,1983.97,1480.9,6547.86,5,Rail,Distributor,2022,Mar,Q1
ORD00782,2023-08-14,2023-08-28,India,UK,Home,360,136.28,49060.8,3853.14,3650.02,12145.6,14,Sea,Distributor,2023,Aug,Q3
ORD00783,2023-04-01,2023-04-12,China,Singapore,Home,197,232.33,45769.01,1397.96,3304.16,21798.34,11,Sea,B2B,2023,Apr,Q2
ORD00784,2022-10-17,2022-10-22,India,USA,Fashion,616,283.45,174605.2,17734.82,5633.18,54815.43,5,Rail,Distributor,2022,Oct,Q4
ORD00785,2024-08-14,2024-08-20,India,UK,Fashion,444,104.69,46482.36,2436.01,1725.48,17476.92,6,Sea,Retail,2024,Aug,Q3
ORD00786,2024-09-12,2024-09-15,China,Australia,Beauty,181,245.94,44515.14,3028.93,2517.94,15373.95,3,Sea,Retail,2024,Sep,Q3
ORD00787,2022-02-10,2022-02-24,China,Australia,Electronics,787,455.1,358163.7,20422.79,18707.56,116364.4,14,Sea,Retail,2022,Feb,Q1
ORD00788,2024-02-19,2024-02-28,China,Japan,Home,394,289.83,114193.02,8367.61,4567.04,31091.44,9,Sea,B2B,2024,Feb,Q1
ORD00789,2023-01-24,2023-01-26,India,Singapore,Home,513,214.19,109879.47,7408.49,4799.42,29254.21,2,Rail,Retail,2023,Jan,Q1
ORD00790,2023-09-23,2023-10-05,USA,China,Beauty,916,38.64,35394.24,3997.58,1525.12,9708.06,12,Sea,Retail,2023,Sep,Q3
ORD00791,2023-06-07,2023-06-21,USA,UAE,Sports,736,254.54,187341.44,17228.68,11575.33,47018.33,14,Rail,Distributor,2023,Jun,Q2
ORD00792,2023-05-21,2023-05-26,China,India,Home,656,359.15,235602.4,7667.22,14122.13,109119.52,5,Rail,Distributor,2023,May,Q2
ORD00793,2022-10-29,2022-11-04,India,Germany,Electronics,129,390.07,50319.03,4427.86,3774.58,15985.91,6,Air,Distributor,2022,Oct,Q4
ORD00794,2023-01-22,2023-01-30,India,Australia,Home,718,165.07,118520.26,13877.72,7053.04,36570.93,8,Road,Distributor,2023,Jan,Q1
ORD00795,2024-04-22,2024-05-06,USA,China,Electronics,661,294.85,194895.85,19836.12,13419.3,67952.75,14,Sea,Distributor,2024,Apr,Q2
ORD00796,2024-03-26,2024-04-08,China,India,Fashion,845,256.03,216345.35,8376.54,14370.66,79940.71,13,Rail,Distributor,2024,Mar,Q1
ORD00797,2023-08-14,2023-08-27,China,Germany,Fashion,393,109.47,43021.71,1810.78,2116.16,15399.1,13,Air,Retail,2023,Aug,Q3
ORD00798,2023-03-12,2023-03-16,India,China,Fashion,838,384.4,322127.2,17182.8,23881.35,112707.22,4,Air,Distributor,2023,Mar,Q1
ORD00799,2022-12-07,2022-12-10,China,USA,Beauty,137,152.85,20940.45,1273.05,1154.63,7134.38,3,Air,B2B,2022,Dec,Q4
ORD00800,2022-05-06,2022-05-12,India,China,Electronics,226,270.72,61182.72,1875.47,3437.19,13282.66,6,Road,Retail,2022,May,Q2
ORD00801,2024-08-27,2024-09-10,China,Australia,Home,389,347.29,135095.81,8224.22,5257.04,57865.66,14,Road,Distributor,2024,Aug,Q3
ORD00802,2024-03-27,2024-04-04,USA,India,Home,904,178.52,161382.08,6296.48,7651.96,49072.48,8,Sea,B2B,2024,Mar,Q1
ORD00803,2022-09-09,2022-09-24,USA,Canada,Fashion,387,236.92,91688.04,8412.99,6619.07,25817.33,15,Sea,B2B,2022,Sep,Q3
ORD00804,2023-10-22,2023-10-24,USA,UAE,Electronics,836,373.19,311986.84,28395.06,10611.77,102834.6,2,Air,Retail,2023,Oct,Q4
ORD00805,2024-05-26,2024-06-04,USA,China,Beauty,310,311.44,96546.4,9082.58,6969.83,16496.26,9,Air,B2B,2024,May,Q2
ORD00806,2024-10-16,2024-10-30,India,Canada,Sports,905,244.07,220883.35,24446.66,17074.96,59057.49,14,Sea,B2B,2024,Oct,Q4
ORD00807,2023-03-10,2023-03-14,USA,China,Electronics,455,496.81,226048.55,7375.96,17120.96,88990.7,4,Rail,Retail,2023,Mar,Q1
ORD00808,2023-03-28,2023-04-10,China,Japan,Electronics,691,85.16,58845.56,4596.36,3738.16,25376.19,13,Road,B2B,2023,Mar,Q1
ORD00809,2022-05-13,2022-05-25,China,Australia,Beauty,679,328.21,222854.59,17955.62,15904.79,45802.47,12,Sea,Retail,2022,May,Q2
ORD00810,2022-08-25,2022-08-31,India,USA,Electronics,358,375.48,134421.84,15371.0,8694.01,51905.93,6,Road,B2B,2022,Aug,Q3
ORD00811,2023-10-04,2023-10-12,USA,India,Home,73,303.23,22135.79,1042.31,958.23,8467.26,8,Road,Distributor,2023,Oct,Q4
ORD00812,2022-09-16,2022-09-26,USA,UK,Electronics,414,24.41,10105.74,1078.41,393.67,2117.03,10,Road,B2B,2022,Sep,Q3
ORD00813,2024-10-20,2024-11-01,China,Germany,Sports,300,90.02,27006.0,2427.34,1838.5,6242.46,12,Road,Retail,2024,Oct,Q4
ORD00814,2024-10-25,2024-11-07,India,Canada,Sports,499,322.92,161137.08,7962.34,6040.98,35957.44,13,Air,Retail,2024,Oct,Q4
ORD00815,2022-11-09,2022-11-24,USA,UK,Fashion,727,373.15,271280.05,30677.49,18057.03,44305.41,15,Rail,Retail,2022,Nov,Q4
ORD00816,2022-11-23,2022-11-25,USA,Australia,Home,442,345.39,152662.38,18186.41,9993.71,45507.12,2,Road,Retail,2022,Nov,Q4
ORD00817,2023-02-04,2023-02-17,USA,Australia,Electronics,144,175.24,25234.56,2554.12,1815.66,10361.22,13,Road,Retail,2023,Feb,Q1
ORD00818,2022-12-02,2022-12-13,India,Japan,Beauty,308,450.66,138803.28,6784.56,9474.92,58875.22,11,Air,Retail,2022,Dec,Q4
ORD00819,2022-07-28,2022-08-09,India,Australia,Beauty,705,424.0,298920.0,33879.2,7701.04,50413.1,12,Sea,B2B,2022,Jul,Q3
ORD00820,2022-08-29,2022-09-08,USA,UAE,Sports,454,485.47,220403.38,19048.92,9750.57,101194.9,10,Sea,Retail,2022,Aug,Q3
ORD00821,2024-09-27,2024-10-03,USA,Germany,Beauty,804,352.06,283056.24,28752.65,16845.0,58193.63,6,Rail,Retail,2024,Sep,Q3
ORD00822,2024-06-30,2024-07-07,India,USA,Electronics,94,78.58,7386.52,648.0,550.36,2735.11,7,Rail,Retail,2024,Jun,Q2
ORD00823,2022-07-13,2022-07-27,USA,Germany,Beauty,505,499.98,252489.9,23543.76,9569.82,108894.08,14,Road,B2B,2022,Jul,Q3
ORD00824,2023-01-14,2023-01-22,USA,India,Beauty,579,412.38,238768.02,23999.22,12369.44,102312.7,8,Air,B2B,2023,Jan,Q1
ORD00825,2022-08-29,2022-09-02,USA,Germany,Electronics,578,234.67,135639.26,7905.96,3031.35,47045.18,4,Sea,B2B,2022,Aug,Q3
ORD00826,2023-06-10,2023-06-25,India,USA,Electronics,528,163.32,86232.96,10086.23,2612.53,13763.47,15,Air,B2B,2023,Jun,Q2
ORD00827,2023-09-08,2023-09-10,USA,Canada,Sports,465,87.13,40515.45,3003.81,1571.03,8664.19,2,Road,Distributor,2023,Sep,Q3
ORD00828,2024-11-11,2024-11-16,USA,China,Electronics,252,37.63,9482.76,405.39,676.74,3995.28,5,Sea,Distributor,2024,Nov,Q4
ORD00829,2023-03-19,2023-03-30,China,Canada,Fashion,756,318.71,240944.76,8840.83,8504.88,99624.61,11,Sea,Retail,2023,Mar,Q1
ORD00830,2024-07-23,2024-07-26,China,Australia,Fashion,558,117.81,65737.98,5696.93,2377.35,18882.5,3,Sea,Distributor,2024,Jul,Q3
ORD00831,2024-02-02,2024-02-13,USA,Singapore,Sports,177,221.45,39196.65,1717.37,3117.97,13583.63,11,Air,Distributor,2024,Feb,Q1
ORD00832,2023-05-22,2023-05-25,China,USA,Sports,122,348.31,42493.82,2830.53,1689.62,19841.89,3,Road,Retail,2023,May,Q2
ORD00833,2022-10-27,2022-11-11,India,Canada,Electronics,110,201.03,22113.3,2591.45,944.63,9035.31,15,Air,B2B,2022,Oct,Q4
ORD00834,2024-12-14,2024-12-27,China,Japan,Electronics,551,187.47,103295.97,8418.03,3813.67,41346.25,13,Air,B2B,2024,Dec,Q4
ORD00835,2022-12-16,2022-12-23,China,Germany,Home,835,375.82,313809.7,36753.4,16287.01,79266.44,7,Rail,Retail,2022,Dec,Q4
ORD00836,2022-09-19,2022-09-25,India,Singapore,Fashion,683,80.66,55090.78,3530.88,3532.72,25117.16,6,Road,Distributor,2022,Sep,Q3
ORD00837,2023-05-26,2023-06-07,USA,Australia,Beauty,197,230.7,45447.9,2811.41,2186.95,18359.77,12,Rail,Distributor,2023,May,Q2
ORD00838,2023-04-14,2023-04-20,USA,China,Home,426,389.88,166088.88,17617.4,9646.54,68568.02,6,Sea,B2B,2023,Apr,Q2
ORD00839,2022-12-05,2022-12-16,India,USA,Home,577,466.2,268997.4,27639.81,5552.56,51671.2,11,Sea,Retail,2022,Dec,Q4
ORD00840,2024-10-16,2024-10-26,USA,Singapore,Electronics,425,26.67,11334.75,534.05,792.12,5449.89,10,Rail,Distributor,2024,Oct,Q4
ORD00841,2024-12-30,2025-01-12,China,UK,Sports,710,312.41,221811.1,18779.33,17274.39,52147.99,13,Sea,B2B,2024,Dec,Q4
ORD00842,2022-06-03,2022-06-10,India,Singapore,Home,985,44.44,43773.4,3265.31,1323.23,8941.01,7,Road,Distributor,2022,Jun,Q2
ORD00843,2023-05-27,2023-06-11,USA,China,Home,316,251.9,79600.4,4284.7,1602.68,26800.29,15,Rail,B2B,2023,May,Q2
ORD00844,2023-09-17,2023-09-29,USA,India,Beauty,923,316.52,292147.96,21602.58,12078.75,87659.67,12,Road,Retail,2023,Sep,Q3
ORD00845,2023-12-26,2023-12-29,India,UAE,Fashion,421,190.18,80065.78,3132.21,3965.08,38906.65,3,Sea,Retail,2023,Dec,Q4
ORD00846,2022-09-11,2022-09-20,India,Germany,Home,241,245.94,59271.54,3774.88,2481.68,13441.86,9,Road,B2B,2022,Sep,Q3
ORD00847,2024-06-17,2024-06-29,China,Germany,Fashion,372,378.6,140839.2,4298.82,10283.31,39955.62,12,Air,B2B,2024,Jun,Q2
ORD00848,2023-08-07,2023-08-09,India,Australia,Beauty,771,178.98,137993.58,4532.34,8275.79,30727.08,2,Road,B2B,2023,Aug,Q3
ORD00849,2024-05-12,2024-05-21,USA,Japan,Fashion,342,380.52,130137.84,13043.76,5725.1,30970.03,9,Rail,B2B,2024,May,Q2
ORD00850,2022-08-13,2022-08-16,India,Germany,Fashion,362,260.0,94120.0,9323.96,3217.99,24777.28,3,Road,Retail,2022,Aug,Q3
ORD00851,2022-01-17,2022-01-25,China,Canada,Home,507,59.66,30247.62,2075.16,1725.83,7730.17,8,Sea,B2B,2022,Jan,Q1
ORD00852,2023-07-30,2023-08-13,India,Canada,Fashion,692,413.89,286411.88,13706.85,17868.57,70677.71,14,Sea,B2B,2023,Jul,Q3
ORD00853,2022-11-01,2022-11-06,India,Germany,Beauty,49,151.45,7421.05,350.99,213.52,3848.8,5,Sea,B2B,2022,Nov,Q4
ORD00854,2022-04-15,2022-04-23,China,Singapore,Home,726,323.99,235216.74,11955.71,9448.81,85911.1,8,Rail,Distributor,2022,Apr,Q2
ORD00855,2022-04-16,2022-04-22,India,Canada,Home,297,472.64,140374.08,13201.16,4887.56,28440.81,6,Sea,B2B,2022,Apr,Q2
ORD00856,2022-01-02,2022-01-04,USA,UAE,Fashion,302,246.59,74470.18,8323.04,1939.63,30289.92,2,Rail,Retail,2022,Jan,Q1
ORD00857,2023-11-16,2023-11-22,India,USA,Electronics,709,284.85,201958.65,21726.24,8052.64,46483.2,6,Road,Distributor,2023,Nov,Q4
ORD00858,2024-12-19,2024-12-30,China,UK,Home,225,300.48,67608.0,2559.02,1783.63,23453.19,11,Air,B2B,2024,Dec,Q4
ORD00859,2023-01-26,2023-01-31,USA,Japan,Electronics,86,472.07,40598.02,3479.69,1546.32,13557.35,5,Sea,Distributor,2023,Jan,Q1
ORD00860,2022-11-11,2022-11-13,India,UK,Beauty,573,361.57,207179.61,22840.06,13582.97,35297.08,2,Road,Retail,2022,Nov,Q4
ORD00861,2024-07-07,2024-07-19,USA,China,Beauty,79,251.75,19888.25,1534.15,1534.31,4145.69,12,Sea,Distributor,2024,Jul,Q3
ORD00862,2023-07-16,2023-07-29,India,Canada,Electronics,988,291.76,288258.88,29256.87,17764.88,61878.26,13,Rail,Retail,2023,Jul,Q3
ORD00863,2024-12-26,2025-01-10,USA,China,Fashion,458,380.35,174200.3,11248.73,11630.02,60693.03,15,Road,B2B,2024,Dec,Q4
ORD00864,2023-01-12,2023-01-14,India,UK,Sports,723,24.25,17532.75,1991.31,890.1,4988.25,2,Road,Retail,2023,Jan,Q1
ORD00865,2023-03-28,2023-04-03,USA,Canada,Sports,131,102.13,13379.03,456.29,458.81,6955.42,6,Sea,Retail,2023,Mar,Q1
ORD00866,2022-09-30,2022-10-06,India,UK,Fashion,557,75.77,42203.89,3729.9,2446.18,6836.83,6,Road,B2B,2022,Sep,Q3
ORD00867,2023-06-25,2023-07-08,India,Australia,Sports,311,175.82,54680.02,1922.21,3770.48,13599.54,13,Sea,Distributor,2023,Jun,Q2
ORD00868,2023-07-27,2023-07-31,China,India,Sports,683,489.81,334540.23,33466.31,22357.59,134217.43,4,Rail,Distributor,2023,Jul,Q3
ORD00869,2023-06-12,2023-06-27,USA,Singapore,Fashion,846,232.25,196483.5,11628.62,6333.67,62804.18,15,Rail,B2B,2023,Jun,Q2
ORD00870,2024-07-02,2024-07-07,USA,Australia,Home,161,453.04,72939.44,2803.22,2253.16,34658.53,5,Sea,B2B,2024,Jul,Q3
ORD00871,2024-10-01,2024-10-14,India,Canada,Electronics,327,98.2,32111.4,1477.0,1401.72,10532.71,13,Air,B2B,2024,Oct,Q4
ORD00872,2022-05-28,2022-06-05,India,Japan,Beauty,112,367.67,41179.04,1744.19,2677.74,20139.86,8,Air,Retail,2022,May,Q2
ORD00873,2024-02-26,2024-02-28,India,China,Electronics,145,139.2,20184.0,757.38,576.42,6977.66,2,Air,B2B,2024,Feb,Q1
ORD00874,2022-08-06,2022-08-16,USA,UAE,Electronics,217,86.83,18842.11,1853.51,1385.71,3456.52,10,Road,Retail,2022,Aug,Q3
ORD00875,2024-09-07,2024-09-11,India,China,Sports,718,148.38,106536.84,8408.44,2266.3,51824.27,4,Road,B2B,2024,Sep,Q3
ORD00876,2024-11-13,2024-11-28,China,Germany,Electronics,944,127.67,120520.48,6074.32,5197.2,48266.44,15,Road,B2B,2024,Nov,Q4
ORD00877,2024-02-27,2024-03-10,USA,China,Beauty,183,495.57,90689.31,4553.24,7018.26,35174.82,12,Air,Distributor,2024,Feb,Q1
ORD00878,2023-11-15,2023-11-18,China,USA,Electronics,629,92.53,58201.37,3991.25,2333.33,25429.53,3,Rail,B2B,2023,Nov,Q4
ORD00879,2023-09-10,2023-09-21,China,UAE,Electronics,287,459.79,131959.73,11817.77,10025.36,25238.01,11,Air,B2B,2023,Sep,Q3
ORD00880,2022-11-01,2022-11-15,USA,Germany,Home,161,207.49,33405.89,3170.92,2242.63,9835.25,14,Air,B2B,2022,Nov,Q4
ORD00881,2024-05-25,2024-06-07,China,Germany,Electronics,340,497.49,169146.6,7843.08,7290.4,70151.13,13,Rail,Retail,2024,May,Q2
ORD00882,2024-04-27,2024-05-08,USA,UAE,Fashion,831,473.13,393171.03,44406.48,16902.86,109797.99,11,Rail,Distributor,2024,Apr,Q2
ORD00883,2023-04-17,2023-04-25,India,Australia,Sports,601,392.76,236048.76,24316.87,7827.39,103306.4,8,Road,B2B,2023,Apr,Q2
ORD00884,2023-02-21,2023-03-08,India,UAE,Sports,495,479.66,237431.7,26801.62,5597.37,85176.18,15,Sea,Retail,2023,Feb,Q1
ORD00885,2024-07-31,2024-08-04,USA,Australia,Fashion,225,417.35,93903.75,3289.25,2654.48,23296.43,4,Sea,Retail,2024,Jul,Q3
ORD00886,2022-02-23,2022-03-08,China,UAE,Electronics,728,70.88,51600.64,4249.04,2508.29,15008.97,13,Sea,B2B,2022,Feb,Q1
ORD00887,2022-10-28,2022-11-04,India,USA,Fashion,88,25.99,2287.12,239.68,102.9,504.51,7,Rail,Distributor,2022,Oct,Q4
ORD00888,2022-10-14,2022-10-27,USA,Canada,Beauty,431,366.83,158103.73,11060.56,9279.24,73895.9,13,Air,B2B,2022,Oct,Q4
ORD00889,2022-05-03,2022-05-15,India,Germany,Sports,174,25.22,4388.28,460.51,266.78,752.47,12,Road,Distributor,2022,May,Q2
ORD00890,2024-10-24,2024-10-30,USA,UK,Beauty,963,95.26,91735.38,10786.34,4705.11,12636.65,6,Sea,Distributor,2024,Oct,Q4
ORD00891,2023-03-10,2023-03-18,USA,India,Fashion,411,108.17,44457.87,4318.62,2381.06,8748.81,8,Rail,Retail,2023,Mar,Q1
ORD00892,2023-10-04,2023-10-16,USA,Australia,Beauty,178,46.24,8230.72,522.1,374.11,3375.73,12,Air,B2B,2023,Oct,Q4
ORD00893,2024-01-13,2024-01-24,China,India,Fashion,298,98.12,29239.76,1157.36,956.57,15333.64,11,Road,B2B,2024,Jan,Q1
ORD00894,2023-02-18,2023-03-02,India,UK,Home,97,488.8,47413.6,3832.52,2552.01,10823.4,12,Air,B2B,2023,Feb,Q1
ORD00895,2023-10-07,2023-10-10,China,India,Home,779,155.55,121173.45,7977.12,3840.35,33555.6,3,Road,B2B,2023,Oct,Q4
ORD00896,2022-07-19,2022-07-26,China,Singapore,Electronics,524,407.6,213582.4,9294.42,11796.27,82575.05,7,Air,Retail,2022,Jul,Q3
ORD00897,2022-11-27,2022-12-01,USA,Japan,Electronics,916,320.46,293541.36,33978.48,9949.35,113206.57,4,Sea,Distributor,2022,Nov,Q4
ORD00898,2022-11-26,2022-12-06,USA,Singapore,Home,468,396.97,185781.96,11242.01,7732.06,44788.94,10,Rail,B2B,2022,Nov,Q4
ORD00899,2024-03-04,2024-03-09,India,USA,Fashion,590,321.34,189590.6,14177.03,12945.93,78519.43,5,Road,Distributor,2024,Mar,Q1
ORD00900,2022-06-28,2022-07-07,India,Japan,Home,183,468.35,85708.05,3816.8,3154.66,35111.32,9,Air,B2B,2022,Jun,Q2
ORD00901,2023-01-02,2023-01-15,China,Canada,Beauty,272,386.31,105076.32,7332.65,7927.97,18159.03,13,Rail,B2B,2023,Jan,Q1
ORD00902,2024-01-15,2024-01-30,China,Australia,Beauty,887,317.45,281578.15,25694.75,13079.21,86882.04,15,Road,Retail,2024,Jan,Q1
ORD00903,2022-06-20,2022-07-02,China,Singapore,Beauty,279,441.16,123083.64,14673.09,2776.83,20308.51,12,Air,Distributor,2022,Jun,Q2
ORD00904,2023-05-17,2023-05-30,USA,India,Fashion,883,70.54,62286.82,3975.39,3376.45,14065.56,13,Sea,Retail,2023,May,Q2
ORD00905,2024-08-04,2024-08-16,India,UAE,Beauty,489,328.39,160582.71,17826.51,7690.5,66698.13,12,Air,Retail,2024,Aug,Q3
ORD00906,2024-06-06,2024-06-11,China,UAE,Electronics,334,184.36,61576.24,5196.62,2017.12,16038.35,5,Air,Retail,2024,Jun,Q2
ORD00907,2024-07-19,2024-07-21,USA,Germany,Beauty,159,327.3,52040.7,3060.87,1138.62,17640.78,2,Rail,B2B,2024,Jul,Q3
ORD00908,2024-01-11,2024-01-25,China,Japan,Fashion,65,121.52,7898.8,253.27,517.51,2966.33,14,Road,Distributor,2024,Jan,Q1
ORD00909,2022-12-27,2022-12-30,India,USA,Home,424,59.22,25109.28,2727.87,1182.28,7993.74,3,Sea,Distributor,2022,Dec,Q4
ORD00910,2023-06-16,2023-06-20,India,USA,Beauty,360,482.42,173671.2,9850.88,5542.95,39732.45,4,Rail,Retail,2023,Jun,Q2
ORD00911,2022-11-26,2022-12-09,China,UAE,Sports,408,415.05,169340.4,13628.81,12467.98,65420.18,13,Sea,Retail,2022,Nov,Q4
ORD00912,2023-10-11,2023-10-13,India,Japan,Fashion,521,434.86,226562.06,9113.37,17716.83,81485.5,2,Air,Retail,2023,Oct,Q4
ORD00913,2022-09-15,2022-09-27,China,USA,Electronics,233,377.94,88060.02,4129.06,5440.94,22808.32,12,Rail,B2B,2022,Sep,Q3
ORD00914,2023-12-14,2023-12-19,India,China,Home,843,194.62,164064.66,9380.4,6303.02,42442.15,5,Air,Distributor,2023,Dec,Q4
ORD00915,2024-10-19,2024-10-31,China,Australia,Beauty,370,189.06,69952.2,5513.77,3594.86,16806.96,12,Air,B2B,2024,Oct,Q4
ORD00916,2024-07-28,2024-08-05,China,Germany,Sports,619,98.08,60711.52,4202.99,2252.5,17957.72,8,Rail,Distributor,2024,Jul,Q3
ORD00917,2023-08-04,2023-08-17,USA,China,Electronics,835,421.87,352261.45,13409.68,7392.41,92009.98,13,Air,Retail,2023,Aug,Q3
ORD00918,2022-07-24,2022-08-05,China,Singapore,Sports,835,35.67,29784.45,1670.65,1347.4,12861.12,12,Rail,Distributor,2022,Jul,Q3
ORD00919,2024-02-20,2024-02-23,India,Japan,Electronics,369,484.46,178765.74,20068.71,8004.43,35187.52,3,Rail,B2B,2024,Feb,Q1
ORD00920,2024-02-07,2024-02-21,India,Singapore,Home,284,442.21,125587.64,6757.23,8829.95,29807.54,14,Rail,Distributor,2024,Feb,Q1
ORD00921,2023-05-10,2023-05-12,China,India,Electronics,36,93.62,3370.32,214.68,232.56,745.82,2,Road,Retail,2023,May,Q2
ORD00922,2022-12-16,2022-12-27,China,UK,Sports,410,112.48,46116.8,4058.24,3214.94,9310.44,11,Rail,B2B,2022,Dec,Q4
ORD00923,2024-03-10,2024-03-23,India,Australia,Home,539,96.05,51770.95,2629.3,3240.94,23230.26,13,Air,Distributor,2024,Mar,Q1
ORD00924,2024-03-13,2024-03-28,USA,Canada,Sports,172,475.38,81765.36,3952.43,2092.86,32284.16,15,Sea,B2B,2024,Mar,Q1
ORD00925,2022-06-11,2022-06-22,China,India,Fashion,474,324.54,153831.96,15380.59,4798.53,42006.4,11,Sea,Retail,2022,Jun,Q2
ORD00926,2023-02-01,2023-02-11,India,Australia,Home,685,44.84,30715.4,1150.8,879.26,16185.95,10,Air,B2B,2023,Feb,Q1
ORD00927,2024-07-29,2024-08-09,India,USA,Fashion,299,145.76,43582.24,2015.96,1073.99,12016.22,11,Sea,Retail,2024,Jul,Q3
ORD00928,2022-07-26,2022-08-04,India,Australia,Electronics,508,480.42,244053.36,8997.79,14945.87,95013.73,9,Road,Distributor,2022,Jul,Q3
ORD00929,2024-07-12,2024-07-26,India,Germany,Home,20,453.75,9075.0,811.03,525.2,1781.55,14,Air,Retail,2024,Jul,Q3
ORD00930,2023-12-12,2023-12-21,USA,Singapore,Electronics,172,270.44,46515.68,2460.92,1269.67,15720.72,9,Air,Distributor,2023,Dec,Q4
ORD00931,2024-11-14,2024-11-28,India,UK,Home,127,451.31,57316.37,1871.65,1622.85,29460.53,14,Sea,Retail,2024,Nov,Q4
ORD00932,2023-07-15,2023-07-24,India,USA,Home,735,284.72,209269.2,11821.38,13542.16,69071.17,9,Rail,B2B,2023,Jul,Q3
ORD00933,2023-05-28,2023-06-01,India,Canada,Beauty,115,300.15,34517.25,3416.53,1335.65,7735.13,4,Rail,Retail,2023,May,Q2
ORD00934,2024-07-02,2024-07-10,USA,Canada,Home,647,71.63,46344.61,2988.03,1482.25,18429.77,8,Air,Retail,2024,Jul,Q3
ORD00935,2022-12-09,2022-12-11,USA,Canada,Sports,429,160.87,69013.23,7205.1,4051.48,10169.02,2,Road,Retail,2022,Dec,Q4
ORD00936,2022-03-03,2022-03-06,India,UAE,Beauty,819,109.24,89467.56,4659.35,2944.47,36101.25,3,Sea,Retail,2022,Mar,Q1
ORD00937,2022-09-08,2022-09-10,China,India,Home,228,243.38,55490.64,5636.27,4102.13,14206.25,2,Rail,Retail,2022,Sep,Q3
ORD00938,2023-03-11,2023-03-21,India,USA,Sports,294,363.81,106960.14,12318.0,7320.95,22994.99,10,Rail,Distributor,2023,Mar,Q1
ORD00939,2024-06-10,2024-06-17,China,UK,Fashion,60,405.31,24318.6,1820.94,1931.28,7765.77,7,Air,Retail,2024,Jun,Q2
ORD00940,2022-12-17,2022-12-28,China,Australia,Fashion,600,30.21,18126.0,572.88,1214.41,5957.45,11,Air,Retail,2022,Dec,Q4
ORD00941,2023-08-06,2023-08-10,China,India,Sports,950,273.21,259549.5,15667.73,5444.4,98029.39,4,Rail,Distributor,2023,Aug,Q3
ORD00942,2023-09-09,2023-09-15,China,UAE,Beauty,91,287.1,26126.1,1520.17,1482.38,9590.28,6,Rail,Retail,2023,Sep,Q3
ORD00943,2022-09-06,2022-09-21,China,USA,Electronics,239,42.96,10267.44,317.63,270.12,4578.23,15,Rail,B2B,2022,Sep,Q3
ORD00944,2022-12-15,2022-12-18,India,UAE,Sports,15,468.37,7025.55,759.61,249.98,1551.34,3,Air,B2B,2022,Dec,Q4
ORD00945,2023-09-16,2023-09-19,China,UAE,Sports,820,409.99,336191.8,18252.55,10159.82,159408.24,3,Rail,B2B,2023,Sep,Q3
ORD00946,2022-09-16,2022-09-23,India,Australia,Beauty,694,78.74,54645.56,4234.1,2987.64,14724.97,7,Road,Retail,2022,Sep,Q3
ORD00947,2024-09-15,2024-09-20,India,Canada,Home,738,59.74,44088.12,3538.79,3190.76,11000.74,5,Sea,Distributor,2024,Sep,Q3
ORD00948,2022-06-09,2022-06-12,China,India,Fashion,23,341.84,7862.32,567.14,338.89,2661.15,3,Road,B2B,2022,Jun,Q2
ORD00949,2024-12-16,2024-12-26,China,Canada,Beauty,681,93.92,63959.52,4822.93,4787.21,24567.56,10,Road,Retail,2024,Dec,Q4
ORD00950,2024-07-15,2024-07-30,USA,Singapore,Fashion,808,212.1,171376.8,6199.99,7778.05,53565.02,15,Air,B2B,2024,Jul,Q3
ORD00951,2024-08-02,2024-08-05,USA,China,Fashion,26,449.17,11678.42,546.93,253.6,3887.59,3,Rail,Retail,2024,Aug,Q3
ORD00952,2023-06-28,2023-07-01,USA,China,Home,451,121.79,54927.29,3610.01,2518.47,21328.47,3,Rail,Retail,2023,Jun,Q2
ORD00953,2024-01-28,2024-01-31,India,Australia,Beauty,208,161.12,33512.96,2219.98,1864.76,10698.87,3,Rail,Distributor,2024,Jan,Q1
ORD00954,2024-06-06,2024-06-09,USA,India,Fashion,991,73.32,72660.12,2933.06,5355.31,22768.81,3,Sea,B2B,2024,Jun,Q2
ORD00955,2024-12-25,2024-12-28,China,UK,Sports,726,363.6,263973.6,17230.01,6883.97,76149.18,3,Road,Retail,2024,Dec,Q4
ORD00956,2023-02-26,2023-03-02,India,UAE,Home,732,306.23,224160.36,21530.47,5750.73,73373.07,4,Rail,Distributor,2023,Feb,Q1
ORD00957,2023-09-18,2023-10-03,USA,UK,Fashion,332,347.09,115233.88,5185.3,4601.21,43616.92,15,Air,Distributor,2023,Sep,Q3
ORD00958,2024-08-29,2024-09-06,China,India,Fashion,280,443.0,124040.0,5627.11,8138.96,60295.71,8,Road,Retail,2024,Aug,Q3
ORD00959,2022-01-03,2022-01-12,India,Japan,Electronics,56,413.08,23132.48,1874.98,1837.29,4370.04,9,Sea,B2B,2022,Jan,Q1
ORD00960,2022-07-12,2022-07-15,China,UAE,Beauty,512,372.71,190827.52,22724.0,6763.0,57158.62,3,Road,Retail,2022,Jul,Q3
ORD00961,2022-01-28,2022-02-12,China,Canada,Home,922,268.56,247612.32,22224.28,17805.22,45864.95,15,Rail,B2B,2022,Jan,Q1
ORD00962,2023-07-07,2023-07-19,USA,India,Fashion,430,431.01,185334.3,16558.33,5281.65,61680.98,12,Sea,Distributor,2023,Jul,Q3
ORD00963,2024-06-01,2024-06-08,India,USA,Fashion,952,478.31,455351.12,39836.87,35484.23,78067.02,7,Rail,Distributor,2024,Jun,Q2
ORD00964,2022-12-25,2022-12-31,USA,UAE,Home,410,302.79,124143.9,14285.73,4540.54,48562.54,6,Road,Distributor,2022,Dec,Q4
ORD00965,2022-09-09,2022-09-17,China,UAE,Home,122,485.35,59212.7,4435.23,3619.77,19189.05,8,Sea,Distributor,2022,Sep,Q3
ORD00966,2023-08-17,2023-08-28,USA,Germany,Home,508,158.36,80446.88,8204.03,1684.2,37391.53,11,Road,Distributor,2023,Aug,Q3
ORD00967,2022-09-10,2022-09-12,China,Canada,Electronics,450,189.08,85086.0,8939.98,1956.48,36639.76,2,Road,Distributor,2022,Sep,Q3
ORD00968,2022-11-14,2022-11-17,USA,Canada,Fashion,760,114.43,86966.8,7189.57,2160.52,37119.98,3,Rail,Retail,2022,Nov,Q4
ORD00969,2023-05-25,2023-06-08,USA,Australia,Beauty,418,484.12,202362.16,7858.23,7219.4,88004.28,14,Road,B2B,2023,May,Q2
ORD00970,2024-06-11,2024-06-23,China,Germany,Fashion,266,85.13,22644.58,1808.97,861.94,10334.34,12,Rail,Distributor,2024,Jun,Q2
ORD00971,2023-01-11,2023-01-19,China,USA,Fashion,549,232.11,127428.39,7415.5,9696.38,32103.57,8,Rail,Retail,2023,Jan,Q1
ORD00972,2024-05-25,2024-06-03,China,Australia,Beauty,38,458.03,17405.14,563.54,1148.85,8268.96,9,Sea,Distributor,2024,May,Q2
ORD00973,2023-09-12,2023-09-26,India,Singapore,Home,140,318.03,44524.2,4941.84,3235.5,17822.09,14,Rail,B2B,2023,Sep,Q3
ORD00974,2024-04-05,2024-04-17,India,Japan,Sports,481,422.82,203376.42,7650.88,7364.36,46841.28,12,Air,Retail,2024,Apr,Q2
ORD00975,2022-07-19,2022-08-03,China,Japan,Home,895,49.22,44051.9,4257.29,2663.59,9739.15,15,Air,Distributor,2022,Jul,Q3
ORD00976,2023-02-24,2023-03-06,India,Singapore,Beauty,149,127.3,18967.7,1722.48,1349.27,6596.7,10,Road,Distributor,2023,Feb,Q1
ORD00977,2022-01-14,2022-01-28,China,UK,Electronics,78,20.02,1561.56,131.7,42.57,717.29,14,Sea,B2B,2022,Jan,Q1
ORD00978,2024-08-28,2024-08-30,USA,Japan,Beauty,66,464.5,30657.0,1747.24,1502.9,13451.39,2,Sea,Distributor,2024,Aug,Q3
ORD00979,2023-06-18,2023-07-03,USA,Japan,Sports,136,227.53,30944.08,2700.11,962.0,7305.55,15,Sea,B2B,2023,Jun,Q2
ORD00980,2024-11-13,2024-11-26,USA,Singapore,Fashion,497,250.62,124558.14,6981.54,3238.66,42514.09,13,Road,Distributor,2024,Nov,Q4
ORD00981,2023-07-18,2023-07-26,China,USA,Beauty,436,410.48,178969.28,7755.63,6622.82,86553.43,8,Rail,B2B,2023,Jul,Q3
ORD00982,2023-09-13,2023-09-15,USA,Japan,Electronics,939,455.39,427611.21,49881.57,20557.16,93370.75,2,Road,B2B,2023,Sep,Q3
ORD00983,2022-11-21,2022-11-28,USA,Singapore,Fashion,367,453.22,166331.74,12849.96,8446.78,69794.99,7,Sea,Retail,2022,Nov,Q4
ORD00984,2023-11-26,2023-12-05,USA,Germany,Home,813,386.05,313858.65,17972.7,13695.45,70383.62,9,Rail,Retail,2023,Nov,Q4
ORD00985,2024-08-24,2024-09-04,USA,Germany,Sports,735,465.16,341892.6,34116.03,17616.37,140128.64,11,Road,Distributor,2024,Aug,Q3
ORD00986,2023-12-14,2023-12-25,USA,Australia,Electronics,56,34.17,1913.52,183.62,64.87,517.72,11,Rail,Distributor,2023,Dec,Q4
ORD00987,2024-09-02,2024-09-09,India,UK,Electronics,931,442.76,412209.56,39380.31,17743.56,69838.36,7,Air,B2B,2024,Sep,Q3
ORD00988,2023-05-28,2023-05-31,India,USA,Beauty,791,199.67,157938.97,13711.7,3437.95,69366.13,3,Air,Distributor,2023,May,Q2
ORD00989,2024-07-09,2024-07-17,India,Singapore,Fashion,210,141.2,29652.0,2057.15,1102.03,12842.29,8,Sea,Retail,2024,Jul,Q3
ORD00990,2024-12-18,2025-01-01,India,USA,Sports,34,321.98,10947.32,987.22,352.64,2568.3,14,Air,Retail,2024,Dec,Q4
ORD00991,2024-04-15,2024-04-26,USA,China,Home,199,347.53,69158.47,8036.0,4405.19,18095.98,11,Sea,B2B,2024,Apr,Q2
ORD00992,2024-08-28,2024-09-07,China,UAE,Sports,931,288.17,268286.27,11377.65,6446.73,108738.72,10,Rail,B2B,2024,Aug,Q3
ORD00993,2022-06-10,2022-06-14,USA,Canada,Electronics,130,259.38,33719.4,1167.81,1767.99,17067.8,4,Road,Retail,2022,Jun,Q2
ORD00994,2024-03-10,2024-03-23,China,USA,Fashion,304,55.89,16990.56,1389.52,1209.59,2845.64,13,Road,Retail,2024,Mar,Q1
ORD00995,2022-04-27,2022-05-07,USA,China,Sports,492,469.72,231102.24,27418.91,13679.85,95324.96,10,Rail,Retail,2022,Apr,Q2
ORD00996,2023-02-15,2023-02-22,India,Germany,Fashion,570,412.05,234868.5,14013.39,15369.96,47255.21,7,Air,B2B,2023,Feb,Q1
ORD00997,2024-10-07,2024-10-10,USA,India,Home,82,475.96,39028.72,3271.91,2214.72,16986.96,3,Rail,B2B,2024,Oct,Q4
ORD00998,2023-07-09,2023-07-22,India,USA,Electronics,518,263.65,136570.7,12090.65,6267.36,51152.99,13,Sea,B2B,2023,Jul,Q3
ORD00999,2022-04-24,2022-04-26,India,Singapore,Sports,890,202.11,179877.9,16463.07,3792.85,61651.12,2,Rail,Retail,2022,Apr,Q2
ORD01000,2022-09-14,2022-09-22,USA,Australia,Sports,151,75.48,11397.48,462.96,648.96,2637.11,8,Road,B2B,2022,Sep,Q3
